method,seed,feature_space,detector,metric,value,supervision,n_id,n_ood,feat_dim
baseline_soft,42,backbone_raw,cosine_max,AUROC,0.715230704040187,unsupervised,5067,2298,2048
baseline_soft,42,backbone_raw,cosine_max,AUPR_IN,0.8288443576699972,unsupervised,5067,2298,2048
baseline_soft,42,backbone_raw,cosine_max,AUPR_OUT,0.5298392272157606,unsupervised,5067,2298,2048
baseline_soft,42,backbone_raw,cosine_max,FPR95,0.8322478784290507,unsupervised,5067,2298,2048
baseline_soft,42,backbone_raw,mahalanobis_agnostic,AUROC,0.8585891611157229,unsupervised,5067,2298,2048
baseline_soft,42,backbone_raw,mahalanobis_agnostic,AUPR_IN,0.9334770800953782,unsupervised,5067,2298,2048
baseline_soft,42,backbone_raw,mahalanobis_agnostic,AUPR_OUT,0.6882427922428238,unsupervised,5067,2298,2048
baseline_soft,42,backbone_raw,mahalanobis_agnostic,FPR95,0.4509571738701401,unsupervised,5067,2298,2048
baseline_soft,42,backbone_raw,knn_k50,AUROC,0.8456980207602804,unsupervised,5067,2298,2048
baseline_soft,42,backbone_raw,knn_k50,AUPR_IN,0.9245220827319565,unsupervised,5067,2298,2048
baseline_soft,42,backbone_raw,knn_k50,AUPR_OUT,0.6944367208582667,unsupervised,5067,2298,2048
baseline_soft,42,backbone_raw,knn_k50,FPR95,0.5239786856127886,unsupervised,5067,2298,2048
baseline_soft,42,backbone_raw,mahalanobis_classcond,AUROC,0.8605769717980969,unsupervised,5067,2298,2048
baseline_soft,42,backbone_raw,mahalanobis_classcond,AUPR_IN,0.9343889453225431,unsupervised,5067,2298,2048
baseline_soft,42,backbone_raw,mahalanobis_classcond,AUPR_OUT,0.6916087194398974,unsupervised,5067,2298,2048
baseline_soft,42,backbone_raw,mahalanobis_classcond,FPR95,0.4511545293072824,unsupervised,5067,2298,2048
baseline_soft,42,logits,MSP,AUROC,0.7336771680714285,unsupervised,5067,2298,8
baseline_soft,42,logits,MSP,AUPR_IN,0.8231013277534709,unsupervised,5067,2298,8
baseline_soft,42,logits,MSP,AUPR_OUT,0.536539369879413,unsupervised,5067,2298,8
baseline_soft,42,logits,MSP,FPR95,0.8989540161831459,unsupervised,5067,2298,8
baseline_soft,42,logits,Energy_T1,AUROC,0.7081134125606343,unsupervised,5067,2298,8
baseline_soft,42,logits,Energy_T1,AUPR_IN,0.7932482502416871,unsupervised,5067,2298,8
baseline_soft,42,logits,Energy_T1,AUPR_OUT,0.5284082655870598,unsupervised,5067,2298,8
baseline_soft,42,logits,Energy_T1,FPR95,0.9366489046773239,unsupervised,5067,2298,8
baseline_soft,42,logits,ODIN_T1_e0,AUROC,0.7336771680714285,unsupervised,5067,2298,8
baseline_soft,42,logits,ODIN_T1_e0,AUPR_IN,0.8231013277534709,unsupervised,5067,2298,8
baseline_soft,42,logits,ODIN_T1_e0,AUPR_OUT,0.536539369879413,unsupervised,5067,2298,8
baseline_soft,42,logits,ODIN_T1_e0,FPR95,0.8989540161831459,unsupervised,5067,2298,8
baseline_soft,42,logits,ODIN_T10_e0,AUROC,0.7319994750929366,unsupervised,5067,2298,8
baseline_soft,42,logits,ODIN_T10_e0,AUPR_IN,0.8118579675221622,unsupervised,5067,2298,8
baseline_soft,42,logits,ODIN_T10_e0,AUPR_OUT,0.5512671264842423,unsupervised,5067,2298,8
baseline_soft,42,logits,ODIN_T10_e0,FPR95,0.9328991513716203,unsupervised,5067,2298,8
baseline_soft,42,logits,ODIN_T100_e0,AUROC,0.7307397668457637,unsupervised,5067,2298,8
baseline_soft,42,logits,ODIN_T100_e0,AUPR_IN,0.8101504508022072,unsupervised,5067,2298,8
baseline_soft,42,logits,ODIN_T100_e0,AUPR_OUT,0.550952715643839,unsupervised,5067,2298,8
baseline_soft,42,logits,ODIN_T100_e0,FPR95,0.9366489046773239,unsupervised,5067,2298,8
baseline_soft,42,logits,ODIN_T1_e0014,AUROC,0.5441992015435291,unsupervised,5067,2298,8
baseline_soft,42,logits,ODIN_T1_e0014,AUPR_IN,0.6849299380066123,unsupervised,5067,2298,8
baseline_soft,42,logits,ODIN_T1_e0014,AUPR_OUT,0.41397990586377503,unsupervised,5067,2298,8
baseline_soft,42,logits,ODIN_T1_e0014,FPR95,0.9745411486086442,unsupervised,5067,2298,8
baseline_soft,42,logits,ODIN_T10_e0014,AUROC,0.518334989985371,unsupervised,5067,2298,8
baseline_soft,42,logits,ODIN_T10_e0014,AUPR_IN,0.6710854515301806,unsupervised,5067,2298,8
baseline_soft,42,logits,ODIN_T10_e0014,AUPR_OUT,0.4007646885316107,unsupervised,5067,2298,8
baseline_soft,42,logits,ODIN_T10_e0014,FPR95,0.9755279257943557,unsupervised,5067,2298,8
baseline_soft,42,logits,ODIN_T100_e0014,AUROC,0.5164985452551132,unsupervised,5067,2298,8
baseline_soft,42,logits,ODIN_T100_e0014,AUPR_IN,0.670403740301843,unsupervised,5067,2298,8
baseline_soft,42,logits,ODIN_T100_e0014,AUPR_OUT,0.3993181627964816,unsupervised,5067,2298,8
baseline_soft,42,logits,ODIN_T100_e0014,FPR95,0.9745411486086442,unsupervised,5067,2298,8
baseline_soft,42,logits,cosine_max,AUROC,0.7575262586647883,unsupervised,5067,2298,8
baseline_soft,42,logits,cosine_max,AUPR_IN,0.8760752682762951,unsupervised,5067,2298,8
baseline_soft,42,logits,cosine_max,AUPR_OUT,0.5423133950405126,unsupervised,5067,2298,8
baseline_soft,42,logits,cosine_max,FPR95,0.6577856719952635,unsupervised,5067,2298,8
baseline_soft,42,logits,mahalanobis_classcond,AUROC,0.7861354112507716,unsupervised,5067,2298,8
baseline_soft,42,logits,mahalanobis_classcond,AUPR_IN,0.8861658199923268,unsupervised,5067,2298,8
baseline_soft,42,logits,mahalanobis_classcond,AUPR_OUT,0.5782820975484024,unsupervised,5067,2298,8
baseline_soft,42,logits,mahalanobis_classcond,FPR95,0.6552200513124137,unsupervised,5067,2298,8
baseline_soft,42,logits,mahalanobis_agnostic,AUROC,0.7695254348904832,unsupervised,5067,2298,8
baseline_soft,42,logits,mahalanobis_agnostic,AUPR_IN,0.8802583733481723,unsupervised,5067,2298,8
baseline_soft,42,logits,mahalanobis_agnostic,AUPR_OUT,0.5259622180766484,unsupervised,5067,2298,8
baseline_soft,42,logits,mahalanobis_agnostic,FPR95,0.648707321886718,unsupervised,5067,2298,8
baseline_soft,42,logits,knn_k50,AUROC,0.8171914105554756,unsupervised,5067,2298,8
baseline_soft,42,logits,knn_k50,AUPR_IN,0.9079170826357197,unsupervised,5067,2298,8
baseline_soft,42,logits,knn_k50,AUPR_OUT,0.619646719696876,unsupervised,5067,2298,8
baseline_soft,42,logits,knn_k50,FPR95,0.5745016775212157,unsupervised,5067,2298,8
baseline_soft,52,backbone_raw,cosine_max,AUROC,0.7105308449028449,unsupervised,5067,2298,2048
baseline_soft,52,backbone_raw,cosine_max,AUPR_IN,0.8272781716507009,unsupervised,5067,2298,2048
baseline_soft,52,backbone_raw,cosine_max,AUPR_OUT,0.5113056143872832,unsupervised,5067,2298,2048
baseline_soft,52,backbone_raw,cosine_max,FPR95,0.8397473850404579,unsupervised,5067,2298,2048
baseline_soft,52,backbone_raw,mahalanobis_agnostic,AUROC,0.881892131941986,unsupervised,5067,2298,2048
baseline_soft,52,backbone_raw,mahalanobis_agnostic,AUPR_IN,0.9440485878422529,unsupervised,5067,2298,2048
baseline_soft,52,backbone_raw,mahalanobis_agnostic,AUPR_OUT,0.7429989243552455,unsupervised,5067,2298,2048
baseline_soft,52,backbone_raw,mahalanobis_agnostic,FPR95,0.41405170712453127,unsupervised,5067,2298,2048
baseline_soft,52,backbone_raw,knn_k50,AUROC,0.8352485742400829,unsupervised,5067,2298,2048
baseline_soft,52,backbone_raw,knn_k50,AUPR_IN,0.9146311071755548,unsupervised,5067,2298,2048
baseline_soft,52,backbone_raw,knn_k50,AUPR_OUT,0.6712098068049157,unsupervised,5067,2298,2048
baseline_soft,52,backbone_raw,knn_k50,FPR95,0.5630550621669627,unsupervised,5067,2298,2048
baseline_soft,52,backbone_raw,mahalanobis_classcond,AUROC,0.8834027856144547,unsupervised,5067,2298,2048
baseline_soft,52,backbone_raw,mahalanobis_classcond,AUPR_IN,0.9445560814126759,unsupervised,5067,2298,2048
baseline_soft,52,backbone_raw,mahalanobis_classcond,AUPR_OUT,0.7469673373259098,unsupervised,5067,2298,2048
baseline_soft,52,backbone_raw,mahalanobis_classcond,FPR95,0.40319715808170514,unsupervised,5067,2298,2048
baseline_soft,52,logits,MSP,AUROC,0.7194541791001451,unsupervised,5067,2298,8
baseline_soft,52,logits,MSP,AUPR_IN,0.8157378532388042,unsupervised,5067,2298,8
baseline_soft,52,logits,MSP,AUPR_OUT,0.5146140572084513,unsupervised,5067,2298,8
baseline_soft,52,logits,MSP,FPR95,0.9137556739688178,unsupervised,5067,2298,8
baseline_soft,52,logits,Energy_T1,AUROC,0.6609497142124943,unsupervised,5067,2298,8
baseline_soft,52,logits,Energy_T1,AUPR_IN,0.7556610462933517,unsupervised,5067,2298,8
baseline_soft,52,logits,Energy_T1,AUPR_OUT,0.4897304636012434,unsupervised,5067,2298,8
baseline_soft,52,logits,Energy_T1,FPR95,0.9611209788829682,unsupervised,5067,2298,8
baseline_soft,52,logits,ODIN_T1_e0,AUROC,0.7194541791001451,unsupervised,5067,2298,8
baseline_soft,52,logits,ODIN_T1_e0,AUPR_IN,0.8157378407281799,unsupervised,5067,2298,8
baseline_soft,52,logits,ODIN_T1_e0,AUPR_OUT,0.5146140572084513,unsupervised,5067,2298,8
baseline_soft,52,logits,ODIN_T1_e0,FPR95,0.9137556739688178,unsupervised,5067,2298,8
baseline_soft,52,logits,ODIN_T10_e0,AUROC,0.7103054062507568,unsupervised,5067,2298,8
baseline_soft,52,logits,ODIN_T10_e0,AUPR_IN,0.7994474437599992,unsupervised,5067,2298,8
baseline_soft,52,logits,ODIN_T10_e0,AUPR_OUT,0.5247371219427526,unsupervised,5067,2298,8
baseline_soft,52,logits,ODIN_T10_e0,FPR95,0.9281626208802053,unsupervised,5067,2298,8
baseline_soft,52,logits,ODIN_T100_e0,AUROC,0.7079117201132329,unsupervised,5067,2298,8
baseline_soft,52,logits,ODIN_T100_e0,AUPR_IN,0.7970066108041236,unsupervised,5067,2298,8
baseline_soft,52,logits,ODIN_T100_e0,AUPR_OUT,0.5236887303689901,unsupervised,5067,2298,8
baseline_soft,52,logits,ODIN_T100_e0,FPR95,0.9291493980659167,unsupervised,5067,2298,8
baseline_soft,52,logits,ODIN_T1_e0014,AUROC,0.5148236863625333,unsupervised,5067,2298,8
baseline_soft,52,logits,ODIN_T1_e0014,AUPR_IN,0.6837117664867208,unsupervised,5067,2298,8
baseline_soft,52,logits,ODIN_T1_e0014,AUPR_OUT,0.39196904151117823,unsupervised,5067,2298,8
baseline_soft,52,logits,ODIN_T1_e0014,FPR95,0.9591474245115453,unsupervised,5067,2298,8
baseline_soft,52,logits,ODIN_T10_e0014,AUROC,0.471834897147587,unsupervised,5067,2298,8
baseline_soft,52,logits,ODIN_T10_e0014,AUPR_IN,0.6637695310631011,unsupervised,5067,2298,8
baseline_soft,52,logits,ODIN_T10_e0014,AUPR_OUT,0.35427058910750975,unsupervised,5067,2298,8
baseline_soft,52,logits,ODIN_T10_e0014,FPR95,0.9628971778172488,unsupervised,5067,2298,8
baseline_soft,52,logits,ODIN_T100_e0014,AUROC,0.468139549703254,unsupervised,5067,2298,8
baseline_soft,52,logits,ODIN_T100_e0014,AUPR_IN,0.6621290838513276,unsupervised,5067,2298,8
baseline_soft,52,logits,ODIN_T100_e0014,AUPR_OUT,0.3504751556369987,unsupervised,5067,2298,8
baseline_soft,52,logits,ODIN_T100_e0014,FPR95,0.9621077560686797,unsupervised,5067,2298,8
baseline_soft,52,logits,cosine_max,AUROC,0.7730384132004507,unsupervised,5067,2298,8
baseline_soft,52,logits,cosine_max,AUPR_IN,0.8890082946997888,unsupervised,5067,2298,8
baseline_soft,52,logits,cosine_max,AUPR_OUT,0.5659642358472523,unsupervised,5067,2298,8
baseline_soft,52,logits,cosine_max,FPR95,0.6102230116439707,unsupervised,5067,2298,8
baseline_soft,52,logits,mahalanobis_classcond,AUROC,0.7959686587885948,unsupervised,5067,2298,8
baseline_soft,52,logits,mahalanobis_classcond,AUPR_IN,0.8984862968927287,unsupervised,5067,2298,8
baseline_soft,52,logits,mahalanobis_classcond,AUPR_OUT,0.58337538832357,unsupervised,5067,2298,8
baseline_soft,52,logits,mahalanobis_classcond,FPR95,0.6031182159068482,unsupervised,5067,2298,8
baseline_soft,52,logits,mahalanobis_agnostic,AUROC,0.7502896349920638,unsupervised,5067,2298,8
baseline_soft,52,logits,mahalanobis_agnostic,AUPR_IN,0.8780893720502855,unsupervised,5067,2298,8
baseline_soft,52,logits,mahalanobis_agnostic,AUPR_OUT,0.48709663692047744,unsupervised,5067,2298,8
baseline_soft,52,logits,mahalanobis_agnostic,FPR95,0.6218669824353661,unsupervised,5067,2298,8
baseline_soft,52,logits,knn_k50,AUROC,0.8209757740618617,unsupervised,5067,2298,8
baseline_soft,52,logits,knn_k50,AUPR_IN,0.9161639578898674,unsupervised,5067,2298,8
baseline_soft,52,logits,knn_k50,AUPR_OUT,0.6181845421989025,unsupervised,5067,2298,8
baseline_soft,52,logits,knn_k50,FPR95,0.5103611604499704,unsupervised,5067,2298,8
baseline_soft,62,backbone_raw,cosine_max,AUROC,0.6983480542626113,unsupervised,5067,2298,2048
baseline_soft,62,backbone_raw,cosine_max,AUPR_IN,0.8090405221182644,unsupervised,5067,2298,2048
baseline_soft,62,backbone_raw,cosine_max,AUPR_OUT,0.5080865742311904,unsupervised,5067,2298,2048
baseline_soft,62,backbone_raw,cosine_max,FPR95,0.866785079928952,unsupervised,5067,2298,2048
baseline_soft,62,backbone_raw,mahalanobis_agnostic,AUROC,0.8343699217259825,unsupervised,5067,2298,2048
baseline_soft,62,backbone_raw,mahalanobis_agnostic,AUPR_IN,0.9153104380014202,unsupervised,5067,2298,2048
baseline_soft,62,backbone_raw,mahalanobis_agnostic,AUPR_OUT,0.6646995050885385,unsupervised,5067,2298,2048
baseline_soft,62,backbone_raw,mahalanobis_agnostic,FPR95,0.5561476218669824,unsupervised,5067,2298,2048
baseline_soft,62,backbone_raw,knn_k50,AUROC,0.8216307914330907,unsupervised,5067,2298,2048
baseline_soft,62,backbone_raw,knn_k50,AUPR_IN,0.8991487073697582,unsupervised,5067,2298,2048
baseline_soft,62,backbone_raw,knn_k50,AUPR_OUT,0.6637498254239266,unsupervised,5067,2298,2048
baseline_soft,62,backbone_raw,knn_k50,FPR95,0.633905664101046,unsupervised,5067,2298,2048
baseline_soft,62,backbone_raw,mahalanobis_classcond,AUROC,0.8368352329438269,unsupervised,5067,2298,2048
baseline_soft,62,backbone_raw,mahalanobis_classcond,AUPR_IN,0.9160831332942121,unsupervised,5067,2298,2048
baseline_soft,62,backbone_raw,mahalanobis_classcond,AUPR_OUT,0.6691743993492153,unsupervised,5067,2298,2048
baseline_soft,62,backbone_raw,mahalanobis_classcond,FPR95,0.566607460035524,unsupervised,5067,2298,2048
baseline_soft,62,logits,MSP,AUROC,0.7618749487932206,unsupervised,5067,2298,8
baseline_soft,62,logits,MSP,AUPR_IN,0.8591638697443421,unsupervised,5067,2298,8
baseline_soft,62,logits,MSP,AUPR_OUT,0.5557381372855814,unsupervised,5067,2298,8
baseline_soft,62,logits,MSP,FPR95,0.7726465364120781,unsupervised,5067,2298,8
baseline_soft,62,logits,Energy_T1,AUROC,0.748240590877713,unsupervised,5067,2298,8
baseline_soft,62,logits,Energy_T1,AUPR_IN,0.8379301380579901,unsupervised,5067,2298,8
baseline_soft,62,logits,Energy_T1,AUPR_OUT,0.5658252961305539,unsupervised,5067,2298,8
baseline_soft,62,logits,Energy_T1,FPR95,0.8671797908032366,unsupervised,5067,2298,8
baseline_soft,62,logits,ODIN_T1_e0,AUROC,0.7618749487932206,unsupervised,5067,2298,8
baseline_soft,62,logits,ODIN_T1_e0,AUPR_IN,0.8591638763169052,unsupervised,5067,2298,8
baseline_soft,62,logits,ODIN_T1_e0,AUPR_OUT,0.5557381372855815,unsupervised,5067,2298,8
baseline_soft,62,logits,ODIN_T1_e0,FPR95,0.7726465364120781,unsupervised,5067,2298,8
baseline_soft,62,logits,ODIN_T10_e0,AUROC,0.7638537848702066,unsupervised,5067,2298,8
baseline_soft,62,logits,ODIN_T10_e0,AUPR_IN,0.8554913178601945,unsupervised,5067,2298,8
baseline_soft,62,logits,ODIN_T10_e0,AUPR_OUT,0.5694680011583758,unsupervised,5067,2298,8
baseline_soft,62,logits,ODIN_T10_e0,FPR95,0.8286954805604895,unsupervised,5067,2298,8
baseline_soft,62,logits,ODIN_T100_e0,AUROC,0.7634912795176488,unsupervised,5067,2298,8
baseline_soft,62,logits,ODIN_T100_e0,AUPR_IN,0.8548373118149046,unsupervised,5067,2298,8
baseline_soft,62,logits,ODIN_T100_e0,AUPR_OUT,0.56975945178499,unsupervised,5067,2298,8
baseline_soft,62,logits,ODIN_T100_e0,FPR95,0.8304716794947701,unsupervised,5067,2298,8
baseline_soft,62,logits,ODIN_T1_e0014,AUROC,0.6754636263967104,unsupervised,5067,2298,8
baseline_soft,62,logits,ODIN_T1_e0014,AUPR_IN,0.7838650718874896,unsupervised,5067,2298,8
baseline_soft,62,logits,ODIN_T1_e0014,AUPR_OUT,0.5135306956626531,unsupervised,5067,2298,8
baseline_soft,62,logits,ODIN_T1_e0014,FPR95,0.9198736925202289,unsupervised,5067,2298,8
baseline_soft,62,logits,ODIN_T10_e0014,AUROC,0.6577091516756404,unsupervised,5067,2298,8
baseline_soft,62,logits,ODIN_T10_e0014,AUPR_IN,0.7739902607053935,unsupervised,5067,2298,8
baseline_soft,62,logits,ODIN_T10_e0014,AUPR_OUT,0.50313179876153,unsupervised,5067,2298,8
baseline_soft,62,logits,ODIN_T10_e0014,FPR95,0.919281626208802,unsupervised,5067,2298,8
baseline_soft,62,logits,ODIN_T100_e0014,AUROC,0.6561062184482502,unsupervised,5067,2298,8
baseline_soft,62,logits,ODIN_T100_e0014,AUPR_IN,0.7732653732409673,unsupervised,5067,2298,8
baseline_soft,62,logits,ODIN_T100_e0014,AUPR_OUT,0.5017471183536175,unsupervised,5067,2298,8
baseline_soft,62,logits,ODIN_T100_e0014,FPR95,0.9212551805802249,unsupervised,5067,2298,8
baseline_soft,62,logits,cosine_max,AUROC,0.7761617476382188,unsupervised,5067,2298,8
baseline_soft,62,logits,cosine_max,AUPR_IN,0.8867904234821768,unsupervised,5067,2298,8
baseline_soft,62,logits,cosine_max,AUPR_OUT,0.5680880651094634,unsupervised,5067,2298,8
baseline_soft,62,logits,cosine_max,FPR95,0.6315373988553384,unsupervised,5067,2298,8
baseline_soft,62,logits,mahalanobis_classcond,AUROC,0.7780532852809773,unsupervised,5067,2298,8
baseline_soft,62,logits,mahalanobis_classcond,AUPR_IN,0.886648608684242,unsupervised,5067,2298,8
baseline_soft,62,logits,mahalanobis_classcond,AUPR_OUT,0.5638715027957513,unsupervised,5067,2298,8
baseline_soft,62,logits,mahalanobis_classcond,FPR95,0.640615748963884,unsupervised,5067,2298,8
baseline_soft,62,logits,mahalanobis_agnostic,AUROC,0.7065553094194882,unsupervised,5067,2298,8
baseline_soft,62,logits,mahalanobis_agnostic,AUPR_IN,0.8564209280377039,unsupervised,5067,2298,8
baseline_soft,62,logits,mahalanobis_agnostic,AUPR_OUT,0.4380652507497715,unsupervised,5067,2298,8
baseline_soft,62,logits,mahalanobis_agnostic,FPR95,0.6656798894809552,unsupervised,5067,2298,8
baseline_soft,62,logits,knn_k50,AUROC,0.8094180281873034,unsupervised,5067,2298,8
baseline_soft,62,logits,knn_k50,AUPR_IN,0.9047455889438999,unsupervised,5067,2298,8
baseline_soft,62,logits,knn_k50,AUPR_OUT,0.6091219122776964,unsupervised,5067,2298,8
baseline_soft,62,logits,knn_k50,FPR95,0.5772646536412078,unsupervised,5067,2298,8
baseline_soft,72,backbone_raw,cosine_max,AUROC,0.7378631129634009,unsupervised,5067,2298,2048
baseline_soft,72,backbone_raw,cosine_max,AUPR_IN,0.840161521891611,unsupervised,5067,2298,2048
baseline_soft,72,backbone_raw,cosine_max,AUPR_OUT,0.5573246062811564,unsupervised,5067,2298,2048
baseline_soft,72,backbone_raw,cosine_max,FPR95,0.8316558121176238,unsupervised,5067,2298,2048
baseline_soft,72,backbone_raw,mahalanobis_agnostic,AUROC,0.8676782463981774,unsupervised,5067,2298,2048
baseline_soft,72,backbone_raw,mahalanobis_agnostic,AUPR_IN,0.935569823649035,unsupervised,5067,2298,2048
baseline_soft,72,backbone_raw,mahalanobis_agnostic,AUPR_OUT,0.7098814563002133,unsupervised,5067,2298,2048
baseline_soft,72,backbone_raw,mahalanobis_agnostic,FPR95,0.4513518847444247,unsupervised,5067,2298,2048
baseline_soft,72,backbone_raw,knn_k50,AUROC,0.8416149617750516,unsupervised,5067,2298,2048
baseline_soft,72,backbone_raw,knn_k50,AUPR_IN,0.9192131055533026,unsupervised,5067,2298,2048
baseline_soft,72,backbone_raw,knn_k50,AUPR_OUT,0.6763749974016022,unsupervised,5067,2298,2048
baseline_soft,72,backbone_raw,knn_k50,FPR95,0.5520031576869943,unsupervised,5067,2298,2048
baseline_soft,72,backbone_raw,mahalanobis_classcond,AUROC,0.8693717415526635,unsupervised,5067,2298,2048
baseline_soft,72,backbone_raw,mahalanobis_classcond,AUPR_IN,0.9360541934787903,unsupervised,5067,2298,2048
baseline_soft,72,backbone_raw,mahalanobis_classcond,AUPR_OUT,0.7134712467432603,unsupervised,5067,2298,2048
baseline_soft,72,backbone_raw,mahalanobis_classcond,FPR95,0.45352279455298994,unsupervised,5067,2298,2048
baseline_soft,72,logits,MSP,AUROC,0.7337452720147071,unsupervised,5067,2298,8
baseline_soft,72,logits,MSP,AUPR_IN,0.8335883053519196,unsupervised,5067,2298,8
baseline_soft,72,logits,MSP,AUPR_OUT,0.5255562780351954,unsupervised,5067,2298,8
baseline_soft,72,logits,MSP,FPR95,0.8614564831261101,unsupervised,5067,2298,8
baseline_soft,72,logits,Energy_T1,AUROC,0.7131375168907226,unsupervised,5067,2298,8
baseline_soft,72,logits,Energy_T1,AUPR_IN,0.8027079859779508,unsupervised,5067,2298,8
baseline_soft,72,logits,Energy_T1,AUPR_OUT,0.5332684407503004,unsupervised,5067,2298,8
baseline_soft,72,logits,Energy_T1,FPR95,0.9291493980659167,unsupervised,5067,2298,8
baseline_soft,72,logits,ODIN_T1_e0,AUROC,0.7337452720147071,unsupervised,5067,2298,8
baseline_soft,72,logits,ODIN_T1_e0,AUPR_IN,0.8335883053519196,unsupervised,5067,2298,8
baseline_soft,72,logits,ODIN_T1_e0,AUPR_OUT,0.5255562780351954,unsupervised,5067,2298,8
baseline_soft,72,logits,ODIN_T1_e0,FPR95,0.8614564831261101,unsupervised,5067,2298,8
baseline_soft,72,logits,ODIN_T10_e0,AUROC,0.7363789966408353,unsupervised,5067,2298,8
baseline_soft,72,logits,ODIN_T10_e0,AUPR_IN,0.8260786400958513,unsupervised,5067,2298,8
baseline_soft,72,logits,ODIN_T10_e0,AUPR_OUT,0.5434274643154999,unsupervised,5067,2298,8
baseline_soft,72,logits,ODIN_T10_e0,FPR95,0.8989540161831459,unsupervised,5067,2298,8
baseline_soft,72,logits,ODIN_T100_e0,AUROC,0.7358339503911296,unsupervised,5067,2298,8
baseline_soft,72,logits,ODIN_T100_e0,AUPR_IN,0.8249983588353429,unsupervised,5067,2298,8
baseline_soft,72,logits,ODIN_T100_e0,AUPR_OUT,0.5435021285158802,unsupervised,5067,2298,8
baseline_soft,72,logits,ODIN_T100_e0,FPR95,0.9025064140517072,unsupervised,5067,2298,8
baseline_soft,72,logits,ODIN_T1_e0014,AUROC,0.584908140405082,unsupervised,5067,2298,8
baseline_soft,72,logits,ODIN_T1_e0014,AUPR_IN,0.7281064304725545,unsupervised,5067,2298,8
baseline_soft,72,logits,ODIN_T1_e0014,AUPR_OUT,0.423002796077818,unsupervised,5067,2298,8
baseline_soft,72,logits,ODIN_T1_e0014,FPR95,0.9382277481744622,unsupervised,5067,2298,8
baseline_soft,72,logits,ODIN_T10_e0014,AUROC,0.5656502689891056,unsupervised,5067,2298,8
baseline_soft,72,logits,ODIN_T10_e0014,AUPR_IN,0.718565348116718,unsupervised,5067,2298,8
baseline_soft,72,logits,ODIN_T10_e0014,AUPR_OUT,0.41199000359801985,unsupervised,5067,2298,8
baseline_soft,72,logits,ODIN_T10_e0014,FPR95,0.9427669232287349,unsupervised,5067,2298,8
baseline_soft,72,logits,ODIN_T100_e0014,AUROC,0.5640730572384014,unsupervised,5067,2298,8
baseline_soft,72,logits,ODIN_T100_e0014,AUPR_IN,0.7178393297269582,unsupervised,5067,2298,8
baseline_soft,72,logits,ODIN_T100_e0014,AUPR_OUT,0.41061483162342416,unsupervised,5067,2298,8
baseline_soft,72,logits,ODIN_T100_e0014,FPR95,0.9411880797315966,unsupervised,5067,2298,8
baseline_soft,72,logits,cosine_max,AUROC,0.7661707359846293,unsupervised,5067,2298,8
baseline_soft,72,logits,cosine_max,AUPR_IN,0.881959266891559,unsupervised,5067,2298,8
baseline_soft,72,logits,cosine_max,AUPR_OUT,0.5544707154526518,unsupervised,5067,2298,8
baseline_soft,72,logits,cosine_max,FPR95,0.6364712847838958,unsupervised,5067,2298,8
baseline_soft,72,logits,mahalanobis_classcond,AUROC,0.7870845294464104,unsupervised,5067,2298,8
baseline_soft,72,logits,mahalanobis_classcond,AUPR_IN,0.8902649943923502,unsupervised,5067,2298,8
baseline_soft,72,logits,mahalanobis_classcond,AUPR_OUT,0.5712396122553128,unsupervised,5067,2298,8
baseline_soft,72,logits,mahalanobis_classcond,FPR95,0.6323268206039077,unsupervised,5067,2298,8
baseline_soft,72,logits,mahalanobis_agnostic,AUROC,0.7231071440778855,unsupervised,5067,2298,8
baseline_soft,72,logits,mahalanobis_agnostic,AUPR_IN,0.8630781248772119,unsupervised,5067,2298,8
baseline_soft,72,logits,mahalanobis_agnostic,AUPR_OUT,0.45523687842404414,unsupervised,5067,2298,8
baseline_soft,72,logits,mahalanobis_agnostic,FPR95,0.6629169133609631,unsupervised,5067,2298,8
baseline_soft,72,logits,knn_k50,AUROC,0.8127681753794197,unsupervised,5067,2298,8
baseline_soft,72,logits,knn_k50,AUPR_IN,0.9099754496940693,unsupervised,5067,2298,8
baseline_soft,72,logits,knn_k50,AUPR_OUT,0.6021855392188888,unsupervised,5067,2298,8
baseline_soft,72,logits,knn_k50,FPR95,0.5318729030984803,unsupervised,5067,2298,8
baseline_soft,82,backbone_raw,cosine_max,AUROC,0.7190946795962819,unsupervised,5067,2298,2048
baseline_soft,82,backbone_raw,cosine_max,AUPR_IN,0.8220942432505574,unsupervised,5067,2298,2048
baseline_soft,82,backbone_raw,cosine_max,AUPR_OUT,0.5575804327590534,unsupervised,5067,2298,2048
baseline_soft,82,backbone_raw,cosine_max,FPR95,0.8752713637260706,unsupervised,5067,2298,2048
baseline_soft,82,backbone_raw,mahalanobis_agnostic,AUROC,0.8882032977423671,unsupervised,5067,2298,2048
baseline_soft,82,backbone_raw,mahalanobis_agnostic,AUPR_IN,0.946642866967391,unsupervised,5067,2298,2048
baseline_soft,82,backbone_raw,mahalanobis_agnostic,AUPR_OUT,0.762327420004804,unsupervised,5067,2298,2048
baseline_soft,82,backbone_raw,mahalanobis_agnostic,FPR95,0.4130649299388198,unsupervised,5067,2298,2048
baseline_soft,82,backbone_raw,knn_k50,AUROC,0.8563146783492841,unsupervised,5067,2298,2048
baseline_soft,82,backbone_raw,knn_k50,AUPR_IN,0.9239653900570526,unsupervised,5067,2298,2048
baseline_soft,82,backbone_raw,knn_k50,AUPR_OUT,0.7398558679193352,unsupervised,5067,2298,2048
baseline_soft,82,backbone_raw,knn_k50,FPR95,0.5640418393526742,unsupervised,5067,2298,2048
baseline_soft,82,backbone_raw,mahalanobis_classcond,AUROC,0.8894066677968657,unsupervised,5067,2298,2048
baseline_soft,82,backbone_raw,mahalanobis_classcond,AUPR_IN,0.9470464243762222,unsupervised,5067,2298,2048
baseline_soft,82,backbone_raw,mahalanobis_classcond,AUPR_OUT,0.7650043741137863,unsupervised,5067,2298,2048
baseline_soft,82,backbone_raw,mahalanobis_classcond,FPR95,0.4033945135188474,unsupervised,5067,2298,2048
baseline_soft,82,logits,MSP,AUROC,0.7381459633255543,unsupervised,5067,2298,8
baseline_soft,82,logits,MSP,AUPR_IN,0.8345735153046224,unsupervised,5067,2298,8
baseline_soft,82,logits,MSP,AUPR_OUT,0.5438817862589493,unsupervised,5067,2298,8
baseline_soft,82,logits,MSP,FPR95,0.8938227748174462,unsupervised,5067,2298,8
baseline_soft,82,logits,Energy_T1,AUROC,0.7181398073474279,unsupervised,5067,2298,8
baseline_soft,82,logits,Energy_T1,AUPR_IN,0.8061224719039617,unsupervised,5067,2298,8
baseline_soft,82,logits,Energy_T1,AUPR_OUT,0.5486612562015492,unsupervised,5067,2298,8
baseline_soft,82,logits,Energy_T1,FPR95,0.9096112097888297,unsupervised,5067,2298,8
baseline_soft,82,logits,ODIN_T1_e0,AUROC,0.7381459633255543,unsupervised,5067,2298,8
baseline_soft,82,logits,ODIN_T1_e0,AUPR_IN,0.8345735066389371,unsupervised,5067,2298,8
baseline_soft,82,logits,ODIN_T1_e0,AUPR_OUT,0.5438817862589493,unsupervised,5067,2298,8
baseline_soft,82,logits,ODIN_T1_e0,FPR95,0.8938227748174462,unsupervised,5067,2298,8
baseline_soft,82,logits,ODIN_T10_e0,AUROC,0.7387029900293423,unsupervised,5067,2298,8
baseline_soft,82,logits,ODIN_T10_e0,AUPR_IN,0.8249019057025301,unsupervised,5067,2298,8
baseline_soft,82,logits,ODIN_T10_e0,AUPR_OUT,0.562818425428709,unsupervised,5067,2298,8
baseline_soft,82,logits,ODIN_T10_e0,FPR95,0.9050720347345569,unsupervised,5067,2298,8
baseline_soft,82,logits,ODIN_T100_e0,AUROC,0.7371826317596599,unsupervised,5067,2298,8
baseline_soft,82,logits,ODIN_T100_e0,AUPR_IN,0.8231616198862819,unsupervised,5067,2298,8
baseline_soft,82,logits,ODIN_T100_e0,AUPR_OUT,0.561968890332028,unsupervised,5067,2298,8
baseline_soft,82,logits,ODIN_T100_e0,FPR95,0.9021117031774225,unsupervised,5067,2298,8
baseline_soft,82,logits,ODIN_T1_e0014,AUROC,0.5559396600780181,unsupervised,5067,2298,8
baseline_soft,82,logits,ODIN_T1_e0014,AUPR_IN,0.6970502454651144,unsupervised,5067,2298,8
baseline_soft,82,logits,ODIN_T1_e0014,AUPR_OUT,0.45327021569377146,unsupervised,5067,2298,8
baseline_soft,82,logits,ODIN_T1_e0014,FPR95,0.9605289125715414,unsupervised,5067,2298,8
baseline_soft,82,logits,ODIN_T10_e0014,AUROC,0.5383398148019326,unsupervised,5067,2298,8
baseline_soft,82,logits,ODIN_T10_e0014,AUPR_IN,0.6903836324648673,unsupervised,5067,2298,8
baseline_soft,82,logits,ODIN_T10_e0014,AUPR_OUT,0.43685219609759934,unsupervised,5067,2298,8
baseline_soft,82,logits,ODIN_T10_e0014,FPR95,0.9579632918886916,unsupervised,5067,2298,8
baseline_soft,82,logits,ODIN_T100_e0014,AUROC,0.5366698082079593,unsupervised,5067,2298,8
baseline_soft,82,logits,ODIN_T100_e0014,AUPR_IN,0.6902747242419998,unsupervised,5067,2298,8
baseline_soft,82,logits,ODIN_T100_e0014,AUPR_OUT,0.43428946121623024,unsupervised,5067,2298,8
baseline_soft,82,logits,ODIN_T100_e0014,FPR95,0.9581606473258338,unsupervised,5067,2298,8
baseline_soft,82,logits,cosine_max,AUROC,0.771660188633323,unsupervised,5067,2298,8
baseline_soft,82,logits,cosine_max,AUPR_IN,0.8813268524288889,unsupervised,5067,2298,8
baseline_soft,82,logits,cosine_max,AUPR_OUT,0.5853755086959532,unsupervised,5067,2298,8
baseline_soft,82,logits,cosine_max,FPR95,0.679692125518058,unsupervised,5067,2298,8
baseline_soft,82,logits,mahalanobis_classcond,AUROC,0.7850941852629937,unsupervised,5067,2298,8
baseline_soft,82,logits,mahalanobis_classcond,AUPR_IN,0.8837646793583934,unsupervised,5067,2298,8
baseline_soft,82,logits,mahalanobis_classcond,AUPR_OUT,0.5883811344856248,unsupervised,5067,2298,8
baseline_soft,82,logits,mahalanobis_classcond,FPR95,0.6901519636865996,unsupervised,5067,2298,8
baseline_soft,82,logits,mahalanobis_agnostic,AUROC,0.7439037523812763,unsupervised,5067,2298,8
baseline_soft,82,logits,mahalanobis_agnostic,AUPR_IN,0.8676696184979849,unsupervised,5067,2298,8
baseline_soft,82,logits,mahalanobis_agnostic,AUPR_OUT,0.493900030613493,unsupervised,5067,2298,8
baseline_soft,82,logits,mahalanobis_agnostic,FPR95,0.6804815472666272,unsupervised,5067,2298,8
baseline_soft,82,logits,knn_k50,AUROC,0.8322017601219378,unsupervised,5067,2298,8
baseline_soft,82,logits,knn_k50,AUPR_IN,0.9177962869871321,unsupervised,5067,2298,8
baseline_soft,82,logits,knn_k50,AUPR_OUT,0.657227821249297,unsupervised,5067,2298,8
baseline_soft,82,logits,knn_k50,FPR95,0.5447010065127295,unsupervised,5067,2298,8
effb3_control,42,backbone_raw,cosine_max,AUROC,0.7423978221853276,unsupervised,5067,2298,1536
effb3_control,42,backbone_raw,cosine_max,AUPR_IN,0.8724123479959953,unsupervised,5067,2298,1536
effb3_control,42,backbone_raw,cosine_max,AUPR_OUT,0.5045463788939373,unsupervised,5067,2298,1536
effb3_control,42,backbone_raw,cosine_max,FPR95,0.6719952634695086,unsupervised,5067,2298,1536
effb3_control,42,backbone_raw,mahalanobis_agnostic,AUROC,0.8352841291360693,unsupervised,5067,2298,1536
effb3_control,42,backbone_raw,mahalanobis_agnostic,AUPR_IN,0.9253082539776427,unsupervised,5067,2298,1536
effb3_control,42,backbone_raw,mahalanobis_agnostic,AUPR_OUT,0.6180003692266625,unsupervised,5067,2298,1536
effb3_control,42,backbone_raw,mahalanobis_agnostic,FPR95,0.45845668048154725,unsupervised,5067,2298,1536
effb3_control,42,backbone_raw,knn_k50,AUROC,0.8212305841497648,unsupervised,5067,2298,1536
effb3_control,42,backbone_raw,knn_k50,AUPR_IN,0.9119377835590268,unsupervised,5067,2298,1536
effb3_control,42,backbone_raw,knn_k50,AUPR_OUT,0.636101328044904,unsupervised,5067,2298,1536
effb3_control,42,backbone_raw,knn_k50,FPR95,0.5707519242155121,unsupervised,5067,2298,1536
effb3_control,42,backbone_raw,mahalanobis_classcond,AUROC,0.8370033028265453,unsupervised,5067,2298,1536
effb3_control,42,backbone_raw,mahalanobis_classcond,AUPR_IN,0.9261248012405419,unsupervised,5067,2298,1536
effb3_control,42,backbone_raw,mahalanobis_classcond,AUPR_OUT,0.6207998253731138,unsupervised,5067,2298,1536
effb3_control,42,backbone_raw,mahalanobis_classcond,FPR95,0.45293072824156305,unsupervised,5067,2298,1536
effb3_control,42,logits,MSP,AUROC,0.7643319295161117,unsupervised,5067,2298,8
effb3_control,42,logits,MSP,AUPR_IN,0.8794942061703657,unsupervised,5067,2298,8
effb3_control,42,logits,MSP,AUPR_OUT,0.5479271663800392,unsupervised,5067,2298,8
effb3_control,42,logits,MSP,FPR95,0.6644957568581015,unsupervised,5067,2298,8
effb3_control,42,logits,Energy_T1,AUROC,0.7525322557623408,unsupervised,5067,2298,8
effb3_control,42,logits,Energy_T1,AUPR_IN,0.8634839020824321,unsupervised,5067,2298,8
effb3_control,42,logits,Energy_T1,AUPR_OUT,0.5483312931309152,unsupervised,5067,2298,8
effb3_control,42,logits,Energy_T1,FPR95,0.7367278468521807,unsupervised,5067,2298,8
effb3_control,42,logits,ODIN_T1_e0,AUROC,0.7643319295161117,unsupervised,5067,2298,8
effb3_control,42,logits,ODIN_T1_e0,AUPR_IN,0.8794942061703656,unsupervised,5067,2298,8
effb3_control,42,logits,ODIN_T1_e0,AUPR_OUT,0.5479272273236393,unsupervised,5067,2298,8
effb3_control,42,logits,ODIN_T1_e0,FPR95,0.6644957568581015,unsupervised,5067,2298,8
effb3_control,42,logits,ODIN_T10_e0,AUROC,0.7833094411302814,unsupervised,5067,2298,8
effb3_control,42,logits,ODIN_T10_e0,AUPR_IN,0.8844189679240444,unsupervised,5067,2298,8
effb3_control,42,logits,ODIN_T10_e0,AUPR_OUT,0.5820657657308584,unsupervised,5067,2298,8
effb3_control,42,logits,ODIN_T10_e0,FPR95,0.6789027037694888,unsupervised,5067,2298,8
effb3_control,42,logits,ODIN_T100_e0,AUROC,0.7797375481859016,unsupervised,5067,2298,8
effb3_control,42,logits,ODIN_T100_e0,AUPR_IN,0.8812730325676985,unsupervised,5067,2298,8
effb3_control,42,logits,ODIN_T100_e0,AUPR_OUT,0.5788262481219912,unsupervised,5067,2298,8
effb3_control,42,logits,ODIN_T100_e0,FPR95,0.6871916321294652,unsupervised,5067,2298,8
effb3_control,42,logits,ODIN_T1_e0014,AUROC,0.8101417936122451,unsupervised,5067,2298,8
effb3_control,42,logits,ODIN_T1_e0014,AUPR_IN,0.8972671934642571,unsupervised,5067,2298,8
effb3_control,42,logits,ODIN_T1_e0014,AUPR_OUT,0.652453719047018,unsupervised,5067,2298,8
effb3_control,42,logits,ODIN_T1_e0014,FPR95,0.6589698046181173,unsupervised,5067,2298,8
effb3_control,42,logits,ODIN_T10_e0014,AUROC,0.7994139196215447,unsupervised,5067,2298,8
effb3_control,42,logits,ODIN_T10_e0014,AUPR_IN,0.8889804045549331,unsupervised,5067,2298,8
effb3_control,42,logits,ODIN_T10_e0014,AUPR_OUT,0.6528872002031622,unsupervised,5067,2298,8
effb3_control,42,logits,ODIN_T10_e0014,FPR95,0.6844286560094731,unsupervised,5067,2298,8
effb3_control,42,logits,ODIN_T100_e0014,AUROC,0.7898828886996062,unsupervised,5067,2298,8
effb3_control,42,logits,ODIN_T100_e0014,AUPR_IN,0.8820992106483195,unsupervised,5067,2298,8
effb3_control,42,logits,ODIN_T100_e0014,AUPR_OUT,0.6427100969826313,unsupervised,5067,2298,8
effb3_control,42,logits,ODIN_T100_e0014,FPR95,0.7057430432208407,unsupervised,5067,2298,8
effb3_control,42,logits,cosine_max,AUROC,0.741990830272091,unsupervised,5067,2298,8
effb3_control,42,logits,cosine_max,AUPR_IN,0.8625381213823644,unsupervised,5067,2298,8
effb3_control,42,logits,cosine_max,AUPR_OUT,0.5086566337078158,unsupervised,5067,2298,8
effb3_control,42,logits,cosine_max,FPR95,0.6871916321294652,unsupervised,5067,2298,8
effb3_control,42,logits,mahalanobis_classcond,AUROC,0.7421918356683624,unsupervised,5067,2298,8
effb3_control,42,logits,mahalanobis_classcond,AUPR_IN,0.8640324861531552,unsupervised,5067,2298,8
effb3_control,42,logits,mahalanobis_classcond,AUPR_OUT,0.488133243985393,unsupervised,5067,2298,8
effb3_control,42,logits,mahalanobis_classcond,FPR95,0.7110716400236826,unsupervised,5067,2298,8
effb3_control,42,logits,mahalanobis_agnostic,AUROC,0.6019437019998168,unsupervised,5067,2298,8
effb3_control,42,logits,mahalanobis_agnostic,AUPR_IN,0.7747325036007081,unsupervised,5067,2298,8
effb3_control,42,logits,mahalanobis_agnostic,AUPR_OUT,0.35282382000885426,unsupervised,5067,2298,8
effb3_control,42,logits,mahalanobis_agnostic,FPR95,0.8577067298204065,unsupervised,5067,2298,8
effb3_control,42,logits,knn_k50,AUROC,0.7818712284113505,unsupervised,5067,2298,8
effb3_control,42,logits,knn_k50,AUPR_IN,0.8900607588277156,unsupervised,5067,2298,8
effb3_control,42,logits,knn_k50,AUPR_OUT,0.5425917611809704,unsupervised,5067,2298,8
effb3_control,42,logits,knn_k50,FPR95,0.6289717781724886,unsupervised,5067,2298,8
effb3_control,52,backbone_raw,cosine_max,AUROC,0.7079915039257243,unsupervised,5067,2298,1536
effb3_control,52,backbone_raw,cosine_max,AUPR_IN,0.8547367190457434,unsupervised,5067,2298,1536
effb3_control,52,backbone_raw,cosine_max,AUPR_OUT,0.45990518826690174,unsupervised,5067,2298,1536
effb3_control,52,backbone_raw,cosine_max,FPR95,0.6889678310637458,unsupervised,5067,2298,1536
effb3_control,52,backbone_raw,mahalanobis_agnostic,AUROC,0.813870892443348,unsupervised,5067,2298,1536
effb3_control,52,backbone_raw,mahalanobis_agnostic,AUPR_IN,0.9144568536383214,unsupervised,5067,2298,1536
effb3_control,52,backbone_raw,mahalanobis_agnostic,AUPR_OUT,0.5796393756540669,unsupervised,5067,2298,1536
effb3_control,52,backbone_raw,mahalanobis_agnostic,FPR95,0.4979277679100059,unsupervised,5067,2298,1536
effb3_control,52,backbone_raw,knn_k50,AUROC,0.8154093716865886,unsupervised,5067,2298,1536
effb3_control,52,backbone_raw,knn_k50,AUPR_IN,0.9113560372574717,unsupervised,5067,2298,1536
effb3_control,52,backbone_raw,knn_k50,AUPR_OUT,0.6293199226605816,unsupervised,5067,2298,1536
effb3_control,52,backbone_raw,knn_k50,FPR95,0.551805802249852,unsupervised,5067,2298,1536
effb3_control,52,backbone_raw,mahalanobis_classcond,AUROC,0.8150225189596053,unsupervised,5067,2298,1536
effb3_control,52,backbone_raw,mahalanobis_classcond,AUPR_IN,0.9149981050301821,unsupervised,5067,2298,1536
effb3_control,52,backbone_raw,mahalanobis_classcond,AUPR_OUT,0.5818014699715277,unsupervised,5067,2298,1536
effb3_control,52,backbone_raw,mahalanobis_classcond,FPR95,0.4979277679100059,unsupervised,5067,2298,1536
effb3_control,52,logits,MSP,AUROC,0.7070160630836606,unsupervised,5067,2298,8
effb3_control,52,logits,MSP,AUPR_IN,0.8410835060163011,unsupervised,5067,2298,8
effb3_control,52,logits,MSP,AUPR_OUT,0.4742274073061076,unsupervised,5067,2298,8
effb3_control,52,logits,MSP,FPR95,0.7568581014406947,unsupervised,5067,2298,8
effb3_control,52,logits,Energy_T1,AUROC,0.6372237775342181,unsupervised,5067,2298,8
effb3_control,52,logits,Energy_T1,AUPR_IN,0.7810315092712928,unsupervised,5067,2298,8
effb3_control,52,logits,Energy_T1,AUPR_OUT,0.4292653309657228,unsupervised,5067,2298,8
effb3_control,52,logits,Energy_T1,FPR95,0.8847444247089007,unsupervised,5067,2298,8
effb3_control,52,logits,ODIN_T1_e0,AUROC,0.7070160630836606,unsupervised,5067,2298,8
effb3_control,52,logits,ODIN_T1_e0,AUPR_IN,0.8410835060163011,unsupervised,5067,2298,8
effb3_control,52,logits,ODIN_T1_e0,AUPR_OUT,0.4742274073061076,unsupervised,5067,2298,8
effb3_control,52,logits,ODIN_T1_e0,FPR95,0.7568581014406947,unsupervised,5067,2298,8
effb3_control,52,logits,ODIN_T10_e0,AUROC,0.7145489346155769,unsupervised,5067,2298,8
effb3_control,52,logits,ODIN_T10_e0,AUPR_IN,0.8380651660560157,unsupervised,5067,2298,8
effb3_control,52,logits,ODIN_T10_e0,AUPR_OUT,0.4934701410226982,unsupervised,5067,2298,8
effb3_control,52,logits,ODIN_T10_e0,FPR95,0.7799486875863431,unsupervised,5067,2298,8
effb3_control,52,logits,ODIN_T100_e0,AUROC,0.7085281337990853,unsupervised,5067,2298,8
effb3_control,52,logits,ODIN_T100_e0,AUPR_IN,0.8329357834867734,unsupervised,5067,2298,8
effb3_control,52,logits,ODIN_T100_e0,AUPR_OUT,0.48903394110565623,unsupervised,5067,2298,8
effb3_control,52,logits,ODIN_T100_e0,FPR95,0.7971186106177225,unsupervised,5067,2298,8
effb3_control,52,logits,ODIN_T1_e0014,AUROC,0.7359155377128377,unsupervised,5067,2298,8
effb3_control,52,logits,ODIN_T1_e0014,AUPR_IN,0.8526216679942037,unsupervised,5067,2298,8
effb3_control,52,logits,ODIN_T1_e0014,AUPR_OUT,0.5418504695649295,unsupervised,5067,2298,8
effb3_control,52,logits,ODIN_T1_e0014,FPR95,0.761791987369252,unsupervised,5067,2298,8
effb3_control,52,logits,ODIN_T10_e0014,AUROC,0.7147301443511601,unsupervised,5067,2298,8
effb3_control,52,logits,ODIN_T10_e0014,AUPR_IN,0.8358251040301006,unsupervised,5067,2298,8
effb3_control,52,logits,ODIN_T10_e0014,AUPR_OUT,0.5357134258950156,unsupervised,5067,2298,8
effb3_control,52,logits,ODIN_T10_e0014,FPR95,0.7910005920663115,unsupervised,5067,2298,8
effb3_control,52,logits,ODIN_T100_e0014,AUROC,0.7020796436540608,unsupervised,5067,2298,8
effb3_control,52,logits,ODIN_T100_e0014,AUPR_IN,0.8249998083262509,unsupervised,5067,2298,8
effb3_control,52,logits,ODIN_T100_e0014,AUPR_OUT,0.5259448617981872,unsupervised,5067,2298,8
effb3_control,52,logits,ODIN_T100_e0014,FPR95,0.8182356423919479,unsupervised,5067,2298,8
effb3_control,52,logits,cosine_max,AUROC,0.7061293377187806,unsupervised,5067,2298,8
effb3_control,52,logits,cosine_max,AUPR_IN,0.8470797323257662,unsupervised,5067,2298,8
effb3_control,52,logits,cosine_max,AUPR_OUT,0.4579162560559818,unsupervised,5067,2298,8
effb3_control,52,logits,cosine_max,FPR95,0.7201499901322281,unsupervised,5067,2298,8
effb3_control,52,logits,mahalanobis_classcond,AUROC,0.711505641634474,unsupervised,5067,2298,8
effb3_control,52,logits,mahalanobis_classcond,AUPR_IN,0.8448129929416812,unsupervised,5067,2298,8
effb3_control,52,logits,mahalanobis_classcond,AUPR_OUT,0.4600865985805551,unsupervised,5067,2298,8
effb3_control,52,logits,mahalanobis_classcond,FPR95,0.7621866982435366,unsupervised,5067,2298,8
effb3_control,52,logits,mahalanobis_agnostic,AUROC,0.6171978688360993,unsupervised,5067,2298,8
effb3_control,52,logits,mahalanobis_agnostic,AUPR_IN,0.7825466737713818,unsupervised,5067,2298,8
effb3_control,52,logits,mahalanobis_agnostic,AUPR_OUT,0.36461809522976674,unsupervised,5067,2298,8
effb3_control,52,logits,mahalanobis_agnostic,FPR95,0.8561278863232682,unsupervised,5067,2298,8
effb3_control,52,logits,knn_k50,AUROC,0.7613672180080224,unsupervised,5067,2298,8
effb3_control,52,logits,knn_k50,AUPR_IN,0.8854859354628951,unsupervised,5067,2298,8
effb3_control,52,logits,knn_k50,AUPR_OUT,0.497395611053844,unsupervised,5067,2298,8
effb3_control,52,logits,knn_k50,FPR95,0.6106177225182554,unsupervised,5067,2298,8
effb3_control,62,backbone_raw,cosine_max,AUROC,0.6767392656419643,unsupervised,5067,2298,1536
effb3_control,62,backbone_raw,cosine_max,AUPR_IN,0.8354580453060327,unsupervised,5067,2298,1536
effb3_control,62,backbone_raw,cosine_max,AUPR_OUT,0.42995242998094896,unsupervised,5067,2298,1536
effb3_control,62,backbone_raw,cosine_max,FPR95,0.7219261890665087,unsupervised,5067,2298,1536
effb3_control,62,backbone_raw,mahalanobis_agnostic,AUROC,0.7970093694880249,unsupervised,5067,2298,1536
effb3_control,62,backbone_raw,mahalanobis_agnostic,AUPR_IN,0.909359645008571,unsupervised,5067,2298,1536
effb3_control,62,backbone_raw,mahalanobis_agnostic,AUPR_OUT,0.5373208442304342,unsupervised,5067,2298,1536
effb3_control,62,backbone_raw,mahalanobis_agnostic,FPR95,0.49674363528715215,unsupervised,5067,2298,1536
effb3_control,62,backbone_raw,knn_k50,AUROC,0.7678899096751055,unsupervised,5067,2298,1536
effb3_control,62,backbone_raw,knn_k50,AUPR_IN,0.8814209989721657,unsupervised,5067,2298,1536
effb3_control,62,backbone_raw,knn_k50,AUPR_OUT,0.5656195512624045,unsupervised,5067,2298,1536
effb3_control,62,backbone_raw,knn_k50,FPR95,0.6789027037694888,unsupervised,5067,2298,1536
effb3_control,62,backbone_raw,mahalanobis_classcond,AUROC,0.7980727528747508,unsupervised,5067,2298,1536
effb3_control,62,backbone_raw,mahalanobis_classcond,AUPR_IN,0.9099038964125239,unsupervised,5067,2298,1536
effb3_control,62,backbone_raw,mahalanobis_classcond,AUPR_OUT,0.5389936442258993,unsupervised,5067,2298,1536
effb3_control,62,backbone_raw,mahalanobis_classcond,FPR95,0.49496743635287155,unsupervised,5067,2298,1536
effb3_control,62,logits,MSP,AUROC,0.6969680261862667,unsupervised,5067,2298,8
effb3_control,62,logits,MSP,AUPR_IN,0.8309977571883811,unsupervised,5067,2298,8
effb3_control,62,logits,MSP,AUPR_OUT,0.46573620442147046,unsupervised,5067,2298,8
effb3_control,62,logits,MSP,FPR95,0.7748174462206434,unsupervised,5067,2298,8
effb3_control,62,logits,Energy_T1,AUROC,0.6803676256011053,unsupervised,5067,2298,8
effb3_control,62,logits,Energy_T1,AUPR_IN,0.8106482207900536,unsupervised,5067,2298,8
effb3_control,62,logits,Energy_T1,AUPR_OUT,0.4673981578455816,unsupervised,5067,2298,8
effb3_control,62,logits,Energy_T1,FPR95,0.8482336688375764,unsupervised,5067,2298,8
effb3_control,62,logits,ODIN_T1_e0,AUROC,0.6969680691269624,unsupervised,5067,2298,8
effb3_control,62,logits,ODIN_T1_e0,AUPR_IN,0.8309977571883813,unsupervised,5067,2298,8
effb3_control,62,logits,ODIN_T1_e0,AUPR_OUT,0.46573620442147046,unsupervised,5067,2298,8
effb3_control,62,logits,ODIN_T1_e0,FPR95,0.7748174462206434,unsupervised,5067,2298,8
effb3_control,62,logits,ODIN_T10_e0,AUROC,0.6923776228821005,unsupervised,5067,2298,8
effb3_control,62,logits,ODIN_T10_e0,AUPR_IN,0.8175619430007923,unsupervised,5067,2298,8
effb3_control,62,logits,ODIN_T10_e0,AUPR_OUT,0.47343730720830235,unsupervised,5067,2298,8
effb3_control,62,logits,ODIN_T10_e0,FPR95,0.8436944937833037,unsupervised,5067,2298,8
effb3_control,62,logits,ODIN_T100_e0,AUROC,0.6859045277184767,unsupervised,5067,2298,8
effb3_control,62,logits,ODIN_T100_e0,AUPR_IN,0.8120177401421651,unsupervised,5067,2298,8
effb3_control,62,logits,ODIN_T100_e0,AUPR_OUT,0.46854600328141277,unsupervised,5067,2298,8
effb3_control,62,logits,ODIN_T100_e0,FPR95,0.8502072232089994,unsupervised,5067,2298,8
effb3_control,62,logits,ODIN_T1_e0014,AUROC,0.7115951300441792,unsupervised,5067,2298,8
effb3_control,62,logits,ODIN_T1_e0014,AUPR_IN,0.8200678357036899,unsupervised,5067,2298,8
effb3_control,62,logits,ODIN_T1_e0014,AUPR_OUT,0.5312089731180305,unsupervised,5067,2298,8
effb3_control,62,logits,ODIN_T1_e0014,FPR95,0.8513913558318532,unsupervised,5067,2298,8
effb3_control,62,logits,ODIN_T10_e0014,AUROC,0.6809264128734145,unsupervised,5067,2298,8
effb3_control,62,logits,ODIN_T10_e0014,AUPR_IN,0.7988349536379998,unsupervised,5067,2298,8
effb3_control,62,logits,ODIN_T10_e0014,AUPR_OUT,0.507777670118438,unsupervised,5067,2298,8
effb3_control,62,logits,ODIN_T10_e0014,FPR95,0.8809946714031972,unsupervised,5067,2298,8
effb3_control,62,logits,ODIN_T100_e0014,AUROC,0.6697170448625493,unsupervised,5067,2298,8
effb3_control,62,logits,ODIN_T100_e0014,AUPR_IN,0.7914774077215521,unsupervised,5067,2298,8
effb3_control,62,logits,ODIN_T100_e0014,AUPR_OUT,0.4974030849717339,unsupervised,5067,2298,8
effb3_control,62,logits,ODIN_T100_e0014,FPR95,0.8914545095717387,unsupervised,5067,2298,8
effb3_control,62,logits,cosine_max,AUROC,0.6624189730543699,unsupervised,5067,2298,8
effb3_control,62,logits,cosine_max,AUPR_IN,0.8143263557203304,unsupervised,5067,2298,8
effb3_control,62,logits,cosine_max,AUPR_OUT,0.41215760868992124,unsupervised,5067,2298,8
effb3_control,62,logits,cosine_max,FPR95,0.79948687586343,unsupervised,5067,2298,8
effb3_control,62,logits,mahalanobis_classcond,AUROC,0.6949103080513975,unsupervised,5067,2298,8
effb3_control,62,logits,mahalanobis_classcond,AUPR_IN,0.8399680244132841,unsupervised,5067,2298,8
effb3_control,62,logits,mahalanobis_classcond,AUPR_OUT,0.43506683343391767,unsupervised,5067,2298,8
effb3_control,62,logits,mahalanobis_classcond,FPR95,0.7505427274521413,unsupervised,5067,2298,8
effb3_control,62,logits,mahalanobis_agnostic,AUROC,0.5883775339089791,unsupervised,5067,2298,8
effb3_control,62,logits,mahalanobis_agnostic,AUPR_IN,0.7700027122051779,unsupervised,5067,2298,8
effb3_control,62,logits,mahalanobis_agnostic,AUPR_OUT,0.34186096361077134,unsupervised,5067,2298,8
effb3_control,62,logits,mahalanobis_agnostic,FPR95,0.8513913558318532,unsupervised,5067,2298,8
effb3_control,62,logits,knn_k50,AUROC,0.738985325103148,unsupervised,5067,2298,8
effb3_control,62,logits,knn_k50,AUPR_IN,0.8757317308050445,unsupervised,5067,2298,8
effb3_control,62,logits,knn_k50,AUPR_OUT,0.47602147798345973,unsupervised,5067,2298,8
effb3_control,62,logits,knn_k50,FPR95,0.62048549437537,unsupervised,5067,2298,8
effb3_control,72,backbone_raw,cosine_max,AUROC,0.6791213577916666,unsupervised,5067,2298,1536
effb3_control,72,backbone_raw,cosine_max,AUPR_IN,0.8404016701549011,unsupervised,5067,2298,1536
effb3_control,72,backbone_raw,cosine_max,AUPR_OUT,0.42932811362852774,unsupervised,5067,2298,1536
effb3_control,72,backbone_raw,cosine_max,FPR95,0.7146240378922439,unsupervised,5067,2298,1536
effb3_control,72,backbone_raw,mahalanobis_agnostic,AUROC,0.8500416438866277,unsupervised,5067,2298,1536
effb3_control,72,backbone_raw,mahalanobis_agnostic,AUPR_IN,0.9329704486067014,unsupervised,5067,2298,1536
effb3_control,72,backbone_raw,mahalanobis_agnostic,AUPR_OUT,0.634175872013588,unsupervised,5067,2298,1536
effb3_control,72,backbone_raw,mahalanobis_agnostic,FPR95,0.4215512137359384,unsupervised,5067,2298,1536
effb3_control,72,backbone_raw,knn_k50,AUROC,0.7647275850857002,unsupervised,5067,2298,1536
effb3_control,72,backbone_raw,knn_k50,AUPR_IN,0.8759783696517642,unsupervised,5067,2298,1536
effb3_control,72,backbone_raw,knn_k50,AUPR_OUT,0.594390614411548,unsupervised,5067,2298,1536
effb3_control,72,backbone_raw,knn_k50,FPR95,0.6842313005723307,unsupervised,5067,2298,1536
effb3_control,72,backbone_raw,mahalanobis_classcond,AUROC,0.8511458209342075,unsupervised,5067,2298,1536
effb3_control,72,backbone_raw,mahalanobis_classcond,AUPR_IN,0.933437189945721,unsupervised,5067,2298,1536
effb3_control,72,backbone_raw,mahalanobis_classcond,AUPR_OUT,0.6361417024806226,unsupervised,5067,2298,1536
effb3_control,72,backbone_raw,mahalanobis_classcond,FPR95,0.4193803039273732,unsupervised,5067,2298,1536
effb3_control,72,logits,MSP,AUROC,0.7525813369774524,unsupervised,5067,2298,8
effb3_control,72,logits,MSP,AUPR_IN,0.8701387126359929,unsupervised,5067,2298,8
effb3_control,72,logits,MSP,AUPR_OUT,0.5257215286850172,unsupervised,5067,2298,8
effb3_control,72,logits,MSP,FPR95,0.6885731201894613,unsupervised,5067,2298,8
effb3_control,72,logits,Energy_T1,AUROC,0.7377078394079818,unsupervised,5067,2298,8
effb3_control,72,logits,Energy_T1,AUPR_IN,0.8545275132554901,unsupervised,5067,2298,8
effb3_control,72,logits,Energy_T1,AUPR_OUT,0.5272179013369667,unsupervised,5067,2298,8
effb3_control,72,logits,Energy_T1,FPR95,0.7637655417406749,unsupervised,5067,2298,8
effb3_control,72,logits,ODIN_T1_e0,AUROC,0.7525813369774524,unsupervised,5067,2298,8
effb3_control,72,logits,ODIN_T1_e0,AUPR_IN,0.870138720219068,unsupervised,5067,2298,8
effb3_control,72,logits,ODIN_T1_e0,AUPR_OUT,0.5257215286850172,unsupervised,5067,2298,8
effb3_control,72,logits,ODIN_T1_e0,FPR95,0.6885731201894613,unsupervised,5067,2298,8
effb3_control,72,logits,ODIN_T10_e0,AUROC,0.7548975581000494,unsupervised,5067,2298,8
effb3_control,72,logits,ODIN_T10_e0,AUPR_IN,0.8637875594248177,unsupervised,5067,2298,8
effb3_control,72,logits,ODIN_T10_e0,AUPR_OUT,0.5461486772535047,unsupervised,5067,2298,8
effb3_control,72,logits,ODIN_T10_e0,FPR95,0.7440299980264456,unsupervised,5067,2298,8
effb3_control,72,logits,ODIN_T100_e0,AUROC,0.7492778663214922,unsupervised,5067,2298,8
effb3_control,72,logits,ODIN_T100_e0,AUPR_IN,0.859489540881812,unsupervised,5067,2298,8
effb3_control,72,logits,ODIN_T100_e0,AUPR_OUT,0.5419548579998215,unsupervised,5067,2298,8
effb3_control,72,logits,ODIN_T100_e0,FPR95,0.761791987369252,unsupervised,5067,2298,8
effb3_control,72,logits,ODIN_T1_e0014,AUROC,0.7737550504699172,unsupervised,5067,2298,8
effb3_control,72,logits,ODIN_T1_e0014,AUPR_IN,0.8708738957525962,unsupervised,5067,2298,8
effb3_control,72,logits,ODIN_T1_e0014,AUPR_OUT,0.5913779519629789,unsupervised,5067,2298,8
effb3_control,72,logits,ODIN_T1_e0014,FPR95,0.7306098283007697,unsupervised,5067,2298,8
effb3_control,72,logits,ODIN_T10_e0014,AUROC,0.7487996787348915,unsupervised,5067,2298,8
effb3_control,72,logits,ODIN_T10_e0014,AUPR_IN,0.851834666380122,unsupervised,5067,2298,8
effb3_control,72,logits,ODIN_T10_e0014,AUPR_OUT,0.5755005530986449,unsupervised,5067,2298,8
effb3_control,72,logits,ODIN_T10_e0014,FPR95,0.7714624037892244,unsupervised,5067,2298,8
effb3_control,72,logits,ODIN_T100_e0014,AUROC,0.7376986930398113,unsupervised,5067,2298,8
effb3_control,72,logits,ODIN_T100_e0014,AUPR_IN,0.8428083224434731,unsupervised,5067,2298,8
effb3_control,72,logits,ODIN_T100_e0014,AUPR_OUT,0.5641876170352023,unsupervised,5067,2298,8
effb3_control,72,logits,ODIN_T100_e0014,FPR95,0.8018551411091376,unsupervised,5067,2298,8
effb3_control,72,logits,cosine_max,AUROC,0.7277677554194164,unsupervised,5067,2298,8
effb3_control,72,logits,cosine_max,AUPR_IN,0.8578345382883156,unsupervised,5067,2298,8
effb3_control,72,logits,cosine_max,AUPR_OUT,0.4927928116405209,unsupervised,5067,2298,8
effb3_control,72,logits,cosine_max,FPR95,0.7152161042036708,unsupervised,5067,2298,8
effb3_control,72,logits,mahalanobis_classcond,AUROC,0.757282784920533,unsupervised,5067,2298,8
effb3_control,72,logits,mahalanobis_classcond,AUPR_IN,0.8739959422693616,unsupervised,5067,2298,8
effb3_control,72,logits,mahalanobis_classcond,AUPR_OUT,0.5027997383622161,unsupervised,5067,2298,8
effb3_control,72,logits,mahalanobis_classcond,FPR95,0.69449378330373,unsupervised,5067,2298,8
effb3_control,72,logits,mahalanobis_agnostic,AUROC,0.6655145678027573,unsupervised,5067,2298,8
effb3_control,72,logits,mahalanobis_agnostic,AUPR_IN,0.8207238755616508,unsupervised,5067,2298,8
effb3_control,72,logits,mahalanobis_agnostic,AUPR_OUT,0.39839844325629437,unsupervised,5067,2298,8
effb3_control,72,logits,mahalanobis_agnostic,FPR95,0.7756068679692125,unsupervised,5067,2298,8
effb3_control,72,logits,knn_k50,AUROC,0.7736826095163795,unsupervised,5067,2298,8
effb3_control,72,logits,knn_k50,AUPR_IN,0.8870690718470491,unsupervised,5067,2298,8
effb3_control,72,logits,knn_k50,AUPR_OUT,0.5473723221332435,unsupervised,5067,2298,8
effb3_control,72,logits,knn_k50,FPR95,0.6343003749753305,unsupervised,5067,2298,8
effb3_control,82,backbone_raw,cosine_max,AUROC,0.7257055714522012,unsupervised,5067,2298,1536
effb3_control,82,backbone_raw,cosine_max,AUPR_IN,0.8602234386087968,unsupervised,5067,2298,1536
effb3_control,82,backbone_raw,cosine_max,AUPR_OUT,0.4785766349117643,unsupervised,5067,2298,1536
effb3_control,82,backbone_raw,cosine_max,FPR95,0.6990329583580027,unsupervised,5067,2298,1536
effb3_control,82,backbone_raw,mahalanobis_agnostic,AUROC,0.8178309692762757,unsupervised,5067,2298,1536
effb3_control,82,backbone_raw,mahalanobis_agnostic,AUPR_IN,0.9179503123473831,unsupervised,5067,2298,1536
effb3_control,82,backbone_raw,mahalanobis_agnostic,AUPR_OUT,0.5749791167425944,unsupervised,5067,2298,1536
effb3_control,82,backbone_raw,mahalanobis_agnostic,FPR95,0.4756266035129268,unsupervised,5067,2298,1536
effb3_control,82,backbone_raw,knn_k50,AUROC,0.8101165015425157,unsupervised,5067,2298,1536
effb3_control,82,backbone_raw,knn_k50,AUPR_IN,0.9040293976427447,unsupervised,5067,2298,1536
effb3_control,82,backbone_raw,knn_k50,AUPR_OUT,0.6360396502218542,unsupervised,5067,2298,1536
effb3_control,82,backbone_raw,knn_k50,FPR95,0.605683836589698,unsupervised,5067,2298,1536
effb3_control,82,backbone_raw,mahalanobis_classcond,AUROC,0.8189019961068248,unsupervised,5067,2298,1536
effb3_control,82,backbone_raw,mahalanobis_classcond,AUPR_IN,0.9184600493591499,unsupervised,5067,2298,1536
effb3_control,82,backbone_raw,mahalanobis_classcond,AUPR_OUT,0.5769666532942938,unsupervised,5067,2298,1536
effb3_control,82,backbone_raw,mahalanobis_classcond,FPR95,0.4718768502072232,unsupervised,5067,2298,1536
effb3_control,82,logits,MSP,AUROC,0.7074351213323709,unsupervised,5067,2298,8
effb3_control,82,logits,MSP,AUPR_IN,0.8433133677347822,unsupervised,5067,2298,8
effb3_control,82,logits,MSP,AUPR_OUT,0.483218359912214,unsupervised,5067,2298,8
effb3_control,82,logits,MSP,FPR95,0.7637655417406749,unsupervised,5067,2298,8
effb3_control,82,logits,Energy_T1,AUROC,0.7154209742625495,unsupervised,5067,2298,8
effb3_control,82,logits,Energy_T1,AUPR_IN,0.8357059199563459,unsupervised,5067,2298,8
effb3_control,82,logits,Energy_T1,AUPR_OUT,0.5105031734559098,unsupervised,5067,2298,8
effb3_control,82,logits,Energy_T1,FPR95,0.8180382869548056,unsupervised,5067,2298,8
effb3_control,82,logits,ODIN_T1_e0,AUROC,0.7074351213323709,unsupervised,5067,2298,8
effb3_control,82,logits,ODIN_T1_e0,AUPR_IN,0.8433133677347822,unsupervised,5067,2298,8
effb3_control,82,logits,ODIN_T1_e0,AUPR_OUT,0.483218359912214,unsupervised,5067,2298,8
effb3_control,82,logits,ODIN_T1_e0,FPR95,0.7637655417406749,unsupervised,5067,2298,8
effb3_control,82,logits,ODIN_T10_e0,AUROC,0.7271479494186087,unsupervised,5067,2298,8
effb3_control,82,logits,ODIN_T10_e0,AUPR_IN,0.8451043818468882,unsupervised,5067,2298,8
effb3_control,82,logits,ODIN_T10_e0,AUPR_OUT,0.5193912420397002,unsupervised,5067,2298,8
effb3_control,82,logits,ODIN_T10_e0,FPR95,0.7902111703177422,unsupervised,5067,2298,8
effb3_control,82,logits,ODIN_T100_e0,AUROC,0.7267397981065901,unsupervised,5067,2298,8
effb3_control,82,logits,ODIN_T100_e0,AUPR_IN,0.8437274204190177,unsupervised,5067,2298,8
effb3_control,82,logits,ODIN_T100_e0,AUPR_OUT,0.5199200840706527,unsupervised,5067,2298,8
effb3_control,82,logits,ODIN_T100_e0,FPR95,0.8006710084862838,unsupervised,5067,2298,8
effb3_control,82,logits,ODIN_T1_e0014,AUROC,0.7257194842375871,unsupervised,5067,2298,8
effb3_control,82,logits,ODIN_T1_e0014,AUPR_IN,0.8408073186428019,unsupervised,5067,2298,8
effb3_control,82,logits,ODIN_T1_e0014,AUPR_OUT,0.5463330251804295,unsupervised,5067,2298,8
effb3_control,82,logits,ODIN_T1_e0014,FPR95,0.8188277087033747,unsupervised,5067,2298,8
effb3_control,82,logits,ODIN_T10_e0014,AUROC,0.7163831893703572,unsupervised,5067,2298,8
effb3_control,82,logits,ODIN_T10_e0014,AUPR_IN,0.8307215831510072,unsupervised,5067,2298,8
effb3_control,82,logits,ODIN_T10_e0014,AUPR_OUT,0.5581682917772552,unsupervised,5067,2298,8
effb3_control,82,logits,ODIN_T10_e0014,FPR95,0.8328399447404776,unsupervised,5067,2298,8
effb3_control,82,logits,ODIN_T100_e0014,AUROC,0.7122428045564544,unsupervised,5067,2298,8
effb3_control,82,logits,ODIN_T100_e0014,AUPR_IN,0.8271191421571891,unsupervised,5067,2298,8
effb3_control,82,logits,ODIN_T100_e0014,AUPR_OUT,0.5556071085751175,unsupervised,5067,2298,8
effb3_control,82,logits,ODIN_T100_e0014,FPR95,0.8332346556147622,unsupervised,5067,2298,8
effb3_control,82,logits,cosine_max,AUROC,0.7169991736492531,unsupervised,5067,2298,8
effb3_control,82,logits,cosine_max,AUPR_IN,0.8476523683671681,unsupervised,5067,2298,8
effb3_control,82,logits,cosine_max,AUPR_OUT,0.48183330714736583,unsupervised,5067,2298,8
effb3_control,82,logits,cosine_max,FPR95,0.7501480165778567,unsupervised,5067,2298,8
effb3_control,82,logits,mahalanobis_classcond,AUROC,0.7081013032844651,unsupervised,5067,2298,8
effb3_control,82,logits,mahalanobis_classcond,AUPR_IN,0.8470231326784515,unsupervised,5067,2298,8
effb3_control,82,logits,mahalanobis_classcond,AUPR_OUT,0.448431330222417,unsupervised,5067,2298,8
effb3_control,82,logits,mahalanobis_classcond,FPR95,0.7501480165778567,unsupervised,5067,2298,8
effb3_control,82,logits,mahalanobis_agnostic,AUROC,0.6000980250199974,unsupervised,5067,2298,8
effb3_control,82,logits,mahalanobis_agnostic,AUPR_IN,0.7764124962960941,unsupervised,5067,2298,8
effb3_control,82,logits,mahalanobis_agnostic,AUPR_OUT,0.3478499679026311,unsupervised,5067,2298,8
effb3_control,82,logits,mahalanobis_agnostic,FPR95,0.8659956581803828,unsupervised,5067,2298,8
effb3_control,82,logits,knn_k50,AUROC,0.7657592782390467,unsupervised,5067,2298,8
effb3_control,82,logits,knn_k50,AUPR_IN,0.8846506343815621,unsupervised,5067,2298,8
effb3_control,82,logits,knn_k50,AUPR_OUT,0.5237568686389568,unsupervised,5067,2298,8
effb3_control,82,logits,knn_k50,FPR95,0.6285770672982041,unsupervised,5067,2298,8
runA_grl,42,z_lesion,cosine_max,AUROC,0.39095571045123284,unsupervised,5067,2298,16
runA_grl,42,z_lesion,cosine_max,AUPR_IN,0.602245535930503,unsupervised,5067,2298,16
runA_grl,42,z_lesion,cosine_max,AUPR_OUT,0.26260168792618727,unsupervised,5067,2298,16
runA_grl,42,z_lesion,cosine_max,FPR95,0.9895401618314584,unsupervised,5067,2298,16
runA_grl,42,z_lesion,mahalanobis_agnostic,AUROC,0.37053861201587157,unsupervised,5067,2298,16
runA_grl,42,z_lesion,mahalanobis_agnostic,AUPR_IN,0.5913071156026563,unsupervised,5067,2298,16
runA_grl,42,z_lesion,mahalanobis_agnostic,AUPR_OUT,0.26159630518729793,unsupervised,5067,2298,16
runA_grl,42,z_lesion,mahalanobis_agnostic,FPR95,0.9915137162028814,unsupervised,5067,2298,16
runA_grl,42,z_lesion,knn_k50,AUROC,0.3849672010378594,unsupervised,5067,2298,16
runA_grl,42,z_lesion,knn_k50,AUPR_IN,0.6152091410811547,unsupervised,5067,2298,16
runA_grl,42,z_lesion,knn_k50,AUPR_OUT,0.260521618041338,unsupervised,5067,2298,16
runA_grl,42,z_lesion,knn_k50,FPR95,0.9721728833629366,unsupervised,5067,2298,16
runA_grl,42,z_lesion,mahalanobis_classcond,AUROC,0.3703603222475916,unsupervised,5067,2298,16
runA_grl,42,z_lesion,mahalanobis_classcond,AUPR_IN,0.5895461004007312,unsupervised,5067,2298,16
runA_grl,42,z_lesion,mahalanobis_classcond,AUPR_OUT,0.26838501820545013,unsupervised,5067,2298,16
runA_grl,42,z_lesion,mahalanobis_classcond,FPR95,0.9915137162028814,unsupervised,5067,2298,16
runA_grl,42,z_context,cosine_max,AUROC,0.9998602709764011,domain-supervised,5067,2298,64
runA_grl,42,z_context,cosine_max,AUPR_IN,0.9999520320740618,domain-supervised,5067,2298,64
runA_grl,42,z_context,cosine_max,AUPR_OUT,0.9994649963463473,domain-supervised,5067,2298,64
runA_grl,42,z_context,cosine_max,FPR95,0.00019735543714229328,domain-supervised,5067,2298,64
runA_grl,42,z_context,mahalanobis_agnostic,AUROC,0.999813465618158,domain-supervised,5067,2298,64
runA_grl,42,z_context,mahalanobis_agnostic,AUPR_IN,0.9999407058590619,domain-supervised,5067,2298,64
runA_grl,42,z_context,mahalanobis_agnostic,AUPR_OUT,0.9987540845857931,domain-supervised,5067,2298,64
runA_grl,42,z_context,mahalanobis_agnostic,FPR95,0.00019735543714229328,domain-supervised,5067,2298,64
runA_grl,42,z_context,knn_k50,AUROC,0.9998591545183145,domain-supervised,5067,2298,64
runA_grl,42,z_context,knn_k50,AUPR_IN,0.9999517425202157,domain-supervised,5067,2298,64
runA_grl,42,z_context,knn_k50,AUPR_OUT,0.9994565024834369,domain-supervised,5067,2298,64
runA_grl,42,z_context,knn_k50,FPR95,0.00019735543714229328,domain-supervised,5067,2298,64
runA_grl,42,z_context,mahalanobis_classcond,AUROC,0.9998132938553754,domain-supervised,5067,2298,64
runA_grl,42,z_context,mahalanobis_classcond,AUPR_IN,0.9999406676617424,domain-supervised,5067,2298,64
runA_grl,42,z_context,mahalanobis_classcond,AUPR_OUT,0.9987474152133422,domain-supervised,5067,2298,64
runA_grl,42,z_context,mahalanobis_classcond,FPR95,0.00019735543714229328,domain-supervised,5067,2298,64
runA_grl,42,concat_z,cosine_max,AUROC,0.9999399689075011,unsupervised,5067,2298,80
runA_grl,42,concat_z,cosine_max,AUPR_IN,0.9999755379032621,unsupervised,5067,2298,80
runA_grl,42,concat_z,cosine_max,AUPR_OUT,0.9998472981876034,unsupervised,5067,2298,80
runA_grl,42,concat_z,cosine_max,FPR95,0.00019735543714229328,unsupervised,5067,2298,80
runA_grl,42,concat_z,mahalanobis_agnostic,AUROC,0.999812520922854,unsupervised,5067,2298,80
runA_grl,42,concat_z,mahalanobis_agnostic,AUPR_IN,0.999940476195613,unsupervised,5067,2298,80
runA_grl,42,concat_z,mahalanobis_agnostic,AUPR_OUT,0.9987194770591039,unsupervised,5067,2298,80
runA_grl,42,concat_z,mahalanobis_agnostic,FPR95,0.00019735543714229328,unsupervised,5067,2298,80
runA_grl,42,concat_z,knn_k50,AUROC,0.9999420300608917,unsupervised,5067,2298,80
runA_grl,42,concat_z,knn_k50,AUPR_IN,0.9999761344851046,unsupervised,5067,2298,80
runA_grl,42,concat_z,knn_k50,AUPR_OUT,0.9998548342819877,unsupervised,5067,2298,80
runA_grl,42,concat_z,knn_k50,FPR95,0.00019735543714229328,unsupervised,5067,2298,80
runA_grl,42,concat_z,mahalanobis_classcond,AUROC,0.999812520922854,unsupervised,5067,2298,80
runA_grl,42,concat_z,mahalanobis_classcond,AUPR_IN,0.999940476195613,unsupervised,5067,2298,80
runA_grl,42,concat_z,mahalanobis_classcond,AUPR_OUT,0.998719476719605,unsupervised,5067,2298,80
runA_grl,42,concat_z,mahalanobis_classcond,FPR95,0.00019735543714229328,unsupervised,5067,2298,80
runA_grl,42,backbone_raw_lesion,cosine_max,AUROC,0.3941098763084674,unsupervised,5067,2298,1536
runA_grl,42,backbone_raw_lesion,cosine_max,AUPR_IN,0.6289255661896169,unsupervised,5067,2298,1536
runA_grl,42,backbone_raw_lesion,cosine_max,AUPR_OUT,0.2600224448568631,unsupervised,5067,2298,1536
runA_grl,42,backbone_raw_lesion,cosine_max,FPR95,0.9634892441286758,unsupervised,5067,2298,1536
runA_grl,42,backbone_raw_lesion,mahalanobis_agnostic,AUROC,0.4354244078005724,unsupervised,5067,2298,1536
runA_grl,42,backbone_raw_lesion,mahalanobis_agnostic,AUPR_IN,0.6537159872282583,unsupervised,5067,2298,1536
runA_grl,42,backbone_raw_lesion,mahalanobis_agnostic,AUPR_OUT,0.3136694893730476,unsupervised,5067,2298,1536
runA_grl,42,backbone_raw_lesion,mahalanobis_agnostic,FPR95,0.9514505624629959,unsupervised,5067,2298,1536
runA_grl,42,backbone_raw_lesion,knn_k50,AUROC,0.45017290500504725,unsupervised,5067,2298,1536
runA_grl,42,backbone_raw_lesion,knn_k50,AUPR_IN,0.6662487459405761,unsupervised,5067,2298,1536
runA_grl,42,backbone_raw_lesion,knn_k50,AUPR_OUT,0.30779303578208217,unsupervised,5067,2298,1536
runA_grl,42,backbone_raw_lesion,knn_k50,FPR95,0.9449378330373002,unsupervised,5067,2298,1536
runA_grl,42,backbone_raw_lesion,mahalanobis_classcond,AUROC,0.43504751731497665,unsupervised,5067,2298,1536
runA_grl,42,backbone_raw_lesion,mahalanobis_classcond,AUPR_IN,0.6535796192092009,unsupervised,5067,2298,1536
runA_grl,42,backbone_raw_lesion,mahalanobis_classcond,AUPR_OUT,0.3134151581837212,unsupervised,5067,2298,1536
runA_grl,42,backbone_raw_lesion,mahalanobis_classcond,FPR95,0.9512532070258536,unsupervised,5067,2298,1536
runA_grl,42,backbone_raw_context,cosine_max,AUROC,0.999956372253234,domain-supervised,5067,2298,1536
runA_grl,42,backbone_raw_context,cosine_max,AUPR_IN,0.9999811586642622,domain-supervised,5067,2298,1536
runA_grl,42,backbone_raw_context,cosine_max,AUPR_OUT,0.9998981262279776,domain-supervised,5067,2298,1536
runA_grl,42,backbone_raw_context,cosine_max,FPR95,0.00039471087428458656,domain-supervised,5067,2298,1536
runA_grl,42,backbone_raw_context,mahalanobis_agnostic,AUROC,0.9998355371357148,domain-supervised,5067,2298,1536
runA_grl,42,backbone_raw_context,mahalanobis_agnostic,AUPR_IN,0.9999458331555359,domain-supervised,5067,2298,1536
runA_grl,42,backbone_raw_context,mahalanobis_agnostic,AUPR_OUT,0.9992236013566136,domain-supervised,5067,2298,1536
runA_grl,42,backbone_raw_context,mahalanobis_agnostic,FPR95,0.00019735543714229328,domain-supervised,5067,2298,1536
runA_grl,42,backbone_raw_context,knn_k50,AUROC,0.9999931294886982,domain-supervised,5067,2298,1536
runA_grl,42,backbone_raw_context,knn_k50,AUPR_IN,0.9999969324975769,domain-supervised,5067,2298,1536
runA_grl,42,backbone_raw_context,knn_k50,AUPR_OUT,0.9999845910521639,domain-supervised,5067,2298,1536
runA_grl,42,backbone_raw_context,knn_k50,FPR95,0.0,domain-supervised,5067,2298,1536
runA_grl,42,backbone_raw_context,mahalanobis_classcond,AUROC,0.9998355371357147,domain-supervised,5067,2298,1536
runA_grl,42,backbone_raw_context,mahalanobis_classcond,AUPR_IN,0.9999458331555359,domain-supervised,5067,2298,1536
runA_grl,42,backbone_raw_context,mahalanobis_classcond,AUPR_OUT,0.9992236013628762,domain-supervised,5067,2298,1536
runA_grl,42,backbone_raw_context,mahalanobis_classcond,FPR95,0.00019735543714229328,domain-supervised,5067,2298,1536
runA_grl,42,logits,MSP,AUROC,0.4322317670800481,unsupervised,5067,2298,8
runA_grl,42,logits,MSP,AUPR_IN,0.6611562390980958,unsupervised,5067,2298,8
runA_grl,42,logits,MSP,AUPR_OUT,0.269180824403452,unsupervised,5067,2298,8
runA_grl,42,logits,MSP,FPR95,0.9405960134201697,unsupervised,5067,2298,8
runA_grl,42,logits,Energy_T1,AUROC,0.450853772675049,unsupervised,5067,2298,8
runA_grl,42,logits,Energy_T1,AUPR_IN,0.677512626914071,unsupervised,5067,2298,8
runA_grl,42,logits,Energy_T1,AUPR_OUT,0.26923958154480276,unsupervised,5067,2298,8
runA_grl,42,logits,Energy_T1,FPR95,0.9506611407144266,unsupervised,5067,2298,8
runA_grl,42,logits,ODIN_T1_e0,AUROC,0.4322317670800481,unsupervised,5067,2298,8
runA_grl,42,logits,ODIN_T1_e0,AUPR_IN,0.6611562390980958,unsupervised,5067,2298,8
runA_grl,42,logits,ODIN_T1_e0,AUPR_OUT,0.269180824403452,unsupervised,5067,2298,8
runA_grl,42,logits,ODIN_T1_e0,FPR95,0.9405960134201697,unsupervised,5067,2298,8
runA_grl,42,logits,ODIN_T10_e0,AUROC,0.4161613405604242,unsupervised,5067,2298,8
runA_grl,42,logits,ODIN_T10_e0,AUPR_IN,0.6550787547748995,unsupervised,5067,2298,8
runA_grl,42,logits,ODIN_T10_e0,AUPR_OUT,0.2573657618261572,unsupervised,5067,2298,8
runA_grl,42,logits,ODIN_T10_e0,FPR95,0.9423722123544503,unsupervised,5067,2298,8
runA_grl,42,logits,ODIN_T100_e0,AUROC,0.4154841228495515,unsupervised,5067,2298,8
runA_grl,42,logits,ODIN_T100_e0,AUPR_IN,0.6550558775326032,unsupervised,5067,2298,8
runA_grl,42,logits,ODIN_T100_e0,AUPR_OUT,0.25668471835019663,unsupervised,5067,2298,8
runA_grl,42,logits,ODIN_T100_e0,FPR95,0.9419775014801658,unsupervised,5067,2298,8
runA_grl,42,logits,ODIN_T1_e0014,AUROC,0.5499736086484622,unsupervised,5067,2298,8
runA_grl,42,logits,ODIN_T1_e0014,AUPR_IN,0.7321644805304299,unsupervised,5067,2298,8
runA_grl,42,logits,ODIN_T1_e0014,AUPR_OUT,0.32604443431432145,unsupervised,5067,2298,8
runA_grl,42,logits,ODIN_T1_e0014,FPR95,0.934083283994474,unsupervised,5067,2298,8
runA_grl,42,logits,ODIN_T10_e0014,AUROC,0.5646455425926183,unsupervised,5067,2298,8
runA_grl,42,logits,ODIN_T10_e0014,AUPR_IN,0.7353284914563236,unsupervised,5067,2298,8
runA_grl,42,logits,ODIN_T10_e0014,AUPR_OUT,0.32791139378756773,unsupervised,5067,2298,8
runA_grl,42,logits,ODIN_T10_e0014,FPR95,0.9409907242944543,unsupervised,5067,2298,8
runA_grl,42,logits,ODIN_T100_e0014,AUROC,0.5662193190876716,unsupervised,5067,2298,8
runA_grl,42,logits,ODIN_T100_e0014,AUPR_IN,0.7357063343524958,unsupervised,5067,2298,8
runA_grl,42,logits,ODIN_T100_e0014,AUPR_OUT,0.32892370858978914,unsupervised,5067,2298,8
runA_grl,42,logits,ODIN_T100_e0014,FPR95,0.9421748569173081,unsupervised,5067,2298,8
runA_grl,42,logits,cosine_max,AUROC,0.3940749225822199,unsupervised,5067,2298,8
runA_grl,42,logits,cosine_max,AUPR_IN,0.6024138742029771,unsupervised,5067,2298,8
runA_grl,42,logits,cosine_max,AUPR_OUT,0.2648793763402533,unsupervised,5067,2298,8
runA_grl,42,logits,cosine_max,FPR95,0.9891454509571739,unsupervised,5067,2298,8
runA_grl,42,logits,mahalanobis_classcond,AUROC,0.38051661263868336,unsupervised,5067,2298,8
runA_grl,42,logits,mahalanobis_classcond,AUPR_IN,0.5971051959664022,unsupervised,5067,2298,8
runA_grl,42,logits,mahalanobis_classcond,AUPR_OUT,0.2697541873923882,unsupervised,5067,2298,8
runA_grl,42,logits,mahalanobis_classcond,FPR95,0.9863824748371818,unsupervised,5067,2298,8
runA_grl,42,logits,mahalanobis_agnostic,AUROC,0.4011363482167502,unsupervised,5067,2298,8
runA_grl,42,logits,mahalanobis_agnostic,AUPR_IN,0.6161318744001216,unsupervised,5067,2298,8
runA_grl,42,logits,mahalanobis_agnostic,AUPR_OUT,0.2699101738601771,unsupervised,5067,2298,8
runA_grl,42,logits,mahalanobis_agnostic,FPR95,0.977106769291494,unsupervised,5067,2298,8
runA_grl,42,logits,knn_k50,AUROC,0.38671162385736957,unsupervised,5067,2298,8
runA_grl,42,logits,knn_k50,AUPR_IN,0.6143440749097453,unsupervised,5067,2298,8
runA_grl,42,logits,knn_k50,AUPR_OUT,0.26066630473425284,unsupervised,5067,2298,8
runA_grl,42,logits,knn_k50,FPR95,0.9751332149200711,unsupervised,5067,2298,8
runA_grl,42,z_context,context_predictor_softmax,AUROC,0.9998207225957204,domain-supervised,5067,2298,2
runA_grl,42,z_context,context_predictor_softmax,AUPR_IN,0.9999384218880444,domain-supervised,5067,2298,2
runA_grl,42,z_context,context_predictor_softmax,AUPR_OUT,0.9989302434644103,domain-supervised,5067,2298,2
runA_grl,42,z_context,context_predictor_softmax,FPR95,0.00019735543714229328,domain-supervised,5067,2298,2
runA_grl,52,z_lesion,cosine_max,AUROC,0.4202945113374601,unsupervised,5067,2298,16
runA_grl,52,z_lesion,cosine_max,AUPR_IN,0.6203285632082894,unsupervised,5067,2298,16
runA_grl,52,z_lesion,cosine_max,AUPR_OUT,0.27626673226428794,unsupervised,5067,2298,16
runA_grl,52,z_lesion,cosine_max,FPR95,0.986579830274324,unsupervised,5067,2298,16
runA_grl,52,z_lesion,mahalanobis_agnostic,AUROC,0.4237210929678084,unsupervised,5067,2298,16
runA_grl,52,z_lesion,mahalanobis_agnostic,AUPR_IN,0.6195991461539645,unsupervised,5067,2298,16
runA_grl,52,z_lesion,mahalanobis_agnostic,AUPR_OUT,0.29864951873556866,unsupervised,5067,2298,16
runA_grl,52,z_lesion,mahalanobis_agnostic,FPR95,0.9850009867771857,unsupervised,5067,2298,16
runA_grl,52,z_lesion,knn_k50,AUROC,0.42158075693453584,unsupervised,5067,2298,16
runA_grl,52,z_lesion,knn_k50,AUPR_IN,0.6289549741934578,unsupervised,5067,2298,16
runA_grl,52,z_lesion,knn_k50,AUPR_OUT,0.2802632472683057,unsupervised,5067,2298,16
runA_grl,52,z_lesion,knn_k50,FPR95,0.9790803236629169,unsupervised,5067,2298,16
runA_grl,52,z_lesion,mahalanobis_classcond,AUROC,0.42016534572498754,unsupervised,5067,2298,16
runA_grl,52,z_lesion,mahalanobis_classcond,AUPR_IN,0.6142437206894925,unsupervised,5067,2298,16
runA_grl,52,z_lesion,mahalanobis_classcond,AUPR_OUT,0.3020696496849228,unsupervised,5067,2298,16
runA_grl,52,z_lesion,mahalanobis_classcond,FPR95,0.9903295835800277,unsupervised,5067,2298,16
runA_grl,52,z_context,cosine_max,AUROC,0.9998372547635402,domain-supervised,5067,2298,64
runA_grl,52,z_context,cosine_max,AUPR_IN,0.9999451340475047,domain-supervised,5067,2298,64
runA_grl,52,z_context,cosine_max,AUPR_OUT,0.9992961682718721,domain-supervised,5067,2298,64
runA_grl,52,z_context,cosine_max,FPR95,0.00019735543714229328,domain-supervised,5067,2298,64
runA_grl,52,z_context,mahalanobis_agnostic,AUROC,1.0,domain-supervised,5067,2298,64
runA_grl,52,z_context,mahalanobis_agnostic,AUPR_IN,1.0,domain-supervised,5067,2298,64
runA_grl,52,z_context,mahalanobis_agnostic,AUPR_OUT,1.0,domain-supervised,5067,2298,64
runA_grl,52,z_context,mahalanobis_agnostic,FPR95,0.0,domain-supervised,5067,2298,64
runA_grl,52,z_context,knn_k50,AUROC,0.9999904671655688,domain-supervised,5067,2298,64
runA_grl,52,z_context,knn_k50,AUPR_IN,0.9999957380657523,domain-supervised,5067,2298,64
runA_grl,52,z_context,knn_k50,AUPR_OUT,0.9999786548570071,domain-supervised,5067,2298,64
runA_grl,52,z_context,knn_k50,FPR95,0.0,domain-supervised,5067,2298,64
runA_grl,52,z_context,mahalanobis_classcond,AUROC,1.0,domain-supervised,5067,2298,64
runA_grl,52,z_context,mahalanobis_classcond,AUPR_IN,1.0,domain-supervised,5067,2298,64
runA_grl,52,z_context,mahalanobis_classcond,AUPR_OUT,1.0,domain-supervised,5067,2298,64
runA_grl,52,z_context,mahalanobis_classcond,FPR95,0.0,domain-supervised,5067,2298,64
runA_grl,52,concat_z,cosine_max,AUROC,0.999997165914088,unsupervised,5067,2298,80
runA_grl,52,concat_z,cosine_max,AUPR_IN,0.9999987187308969,unsupervised,5067,2298,80
runA_grl,52,concat_z,cosine_max,AUPR_OUT,0.9999937351448599,unsupervised,5067,2298,80
runA_grl,52,concat_z,cosine_max,FPR95,0.0,unsupervised,5067,2298,80
runA_grl,52,concat_z,mahalanobis_agnostic,AUROC,1.0,unsupervised,5067,2298,80
runA_grl,52,concat_z,mahalanobis_agnostic,AUPR_IN,1.0,unsupervised,5067,2298,80
runA_grl,52,concat_z,mahalanobis_agnostic,AUPR_OUT,1.0,unsupervised,5067,2298,80
runA_grl,52,concat_z,mahalanobis_agnostic,FPR95,0.0,unsupervised,5067,2298,80
runA_grl,52,concat_z,knn_k50,AUROC,0.9999980247280007,unsupervised,5067,2298,80
runA_grl,52,concat_z,knn_k50,AUPR_IN,0.9999991070258895,unsupervised,5067,2298,80
runA_grl,52,concat_z,knn_k50,AUPR_OUT,0.9999956325069462,unsupervised,5067,2298,80
runA_grl,52,concat_z,knn_k50,FPR95,0.0,unsupervised,5067,2298,80
runA_grl,52,concat_z,mahalanobis_classcond,AUROC,0.9999999141186088,unsupervised,5067,2298,80
runA_grl,52,concat_z,mahalanobis_classcond,AUPR_IN,0.9999999610585167,unsupervised,5067,2298,80
runA_grl,52,concat_z,mahalanobis_classcond,AUPR_OUT,0.9999998107172642,unsupervised,5067,2298,80
runA_grl,52,concat_z,mahalanobis_classcond,FPR95,0.0,unsupervised,5067,2298,80
runA_grl,52,backbone_raw_lesion,cosine_max,AUROC,0.43282460632399644,unsupervised,5067,2298,1536
runA_grl,52,backbone_raw_lesion,cosine_max,AUPR_IN,0.6292549423760591,unsupervised,5067,2298,1536
runA_grl,52,backbone_raw_lesion,cosine_max,AUPR_OUT,0.2991257510746772,unsupervised,5067,2298,1536
runA_grl,52,backbone_raw_lesion,cosine_max,FPR95,0.985198342214328,unsupervised,5067,2298,1536
runA_grl,52,backbone_raw_lesion,mahalanobis_agnostic,AUROC,0.5016966727659631,unsupervised,5067,2298,1536
runA_grl,52,backbone_raw_lesion,mahalanobis_agnostic,AUPR_IN,0.6673234347909403,unsupervised,5067,2298,1536
runA_grl,52,backbone_raw_lesion,mahalanobis_agnostic,AUPR_OUT,0.3758562440415272,unsupervised,5067,2298,1536
runA_grl,52,backbone_raw_lesion,mahalanobis_agnostic,FPR95,0.9709887507400828,unsupervised,5067,2298,1536
runA_grl,52,backbone_raw_lesion,knn_k50,AUROC,0.48012507078773675,unsupervised,5067,2298,1536
runA_grl,52,backbone_raw_lesion,knn_k50,AUPR_IN,0.6666328007129098,unsupervised,5067,2298,1536
runA_grl,52,backbone_raw_lesion,knn_k50,AUPR_OUT,0.36008261235484107,unsupervised,5067,2298,1536
runA_grl,52,backbone_raw_lesion,knn_k50,FPR95,0.9619104006315374,unsupervised,5067,2298,1536
runA_grl,52,backbone_raw_lesion,mahalanobis_classcond,AUROC,0.5009072939580895,unsupervised,5067,2298,1536
runA_grl,52,backbone_raw_lesion,mahalanobis_classcond,AUPR_IN,0.6670819035766414,unsupervised,5067,2298,1536
runA_grl,52,backbone_raw_lesion,mahalanobis_classcond,AUPR_OUT,0.3751248956195776,unsupervised,5067,2298,1536
runA_grl,52,backbone_raw_lesion,mahalanobis_classcond,FPR95,0.9707913953029406,unsupervised,5067,2298,1536
runA_grl,52,backbone_raw_context,cosine_max,AUROC,0.9998004116466847,domain-supervised,5067,2298,1536
runA_grl,52,backbone_raw_context,cosine_max,AUPR_IN,0.9999374118073605,domain-supervised,5067,2298,1536
runA_grl,52,backbone_raw_context,cosine_max,AUPR_OUT,0.9968107181774544,domain-supervised,5067,2298,1536
runA_grl,52,backbone_raw_context,cosine_max,FPR95,0.00019735543714229328,domain-supervised,5067,2298,1536
runA_grl,52,backbone_raw_context,mahalanobis_agnostic,AUROC,1.0,domain-supervised,5067,2298,1536
runA_grl,52,backbone_raw_context,mahalanobis_agnostic,AUPR_IN,1.0,domain-supervised,5067,2298,1536
runA_grl,52,backbone_raw_context,mahalanobis_agnostic,AUPR_OUT,1.0,domain-supervised,5067,2298,1536
runA_grl,52,backbone_raw_context,mahalanobis_agnostic,FPR95,0.0,domain-supervised,5067,2298,1536
runA_grl,52,backbone_raw_context,knn_k50,AUROC,0.9998259184198923,domain-supervised,5067,2298,1536
runA_grl,52,backbone_raw_context,knn_k50,AUPR_IN,0.9999431930002917,domain-supervised,5067,2298,1536
runA_grl,52,backbone_raw_context,knn_k50,AUPR_OUT,0.9991015060108503,domain-supervised,5067,2298,1536
runA_grl,52,backbone_raw_context,knn_k50,FPR95,0.00019735543714229328,domain-supervised,5067,2298,1536
runA_grl,52,backbone_raw_context,mahalanobis_classcond,AUROC,1.0,domain-supervised,5067,2298,1536
runA_grl,52,backbone_raw_context,mahalanobis_classcond,AUPR_IN,1.0,domain-supervised,5067,2298,1536
runA_grl,52,backbone_raw_context,mahalanobis_classcond,AUPR_OUT,1.0,domain-supervised,5067,2298,1536
runA_grl,52,backbone_raw_context,mahalanobis_classcond,FPR95,0.0,domain-supervised,5067,2298,1536
runA_grl,52,logits,MSP,AUROC,0.396080167187022,unsupervised,5067,2298,8
runA_grl,52,logits,MSP,AUPR_IN,0.6272494868164228,unsupervised,5067,2298,8
runA_grl,52,logits,MSP,AUPR_OUT,0.2591388878334996,unsupervised,5067,2298,8
runA_grl,52,logits,MSP,FPR95,0.9601342016972567,unsupervised,5067,2298,8
runA_grl,52,logits,Energy_T1,AUROC,0.36778216288161614,unsupervised,5067,2298,8
runA_grl,52,logits,Energy_T1,AUPR_IN,0.6108206678365347,unsupervised,5067,2298,8
runA_grl,52,logits,Energy_T1,AUPR_OUT,0.24217567987320304,unsupervised,5067,2298,8
runA_grl,52,logits,Energy_T1,FPR95,0.9782909019143478,unsupervised,5067,2298,8
runA_grl,52,logits,ODIN_T1_e0,AUROC,0.396080167187022,unsupervised,5067,2298,8
runA_grl,52,logits,ODIN_T1_e0,AUPR_IN,0.6272494868164228,unsupervised,5067,2298,8
runA_grl,52,logits,ODIN_T1_e0,AUPR_OUT,0.2591388878334996,unsupervised,5067,2298,8
runA_grl,52,logits,ODIN_T1_e0,FPR95,0.9601342016972567,unsupervised,5067,2298,8
runA_grl,52,logits,ODIN_T10_e0,AUROC,0.371197708753186,unsupervised,5067,2298,8
runA_grl,52,logits,ODIN_T10_e0,AUPR_IN,0.6156273036347102,unsupervised,5067,2298,8
runA_grl,52,logits,ODIN_T10_e0,AUPR_OUT,0.24515925198929522,unsupervised,5067,2298,8
runA_grl,52,logits,ODIN_T10_e0,FPR95,0.9707913953029406,unsupervised,5067,2298,8
runA_grl,52,logits,ODIN_T100_e0,AUROC,0.3684854455947398,unsupervised,5067,2298,8
runA_grl,52,logits,ODIN_T100_e0,AUPR_IN,0.6142150906871129,unsupervised,5067,2298,8
runA_grl,52,logits,ODIN_T100_e0,AUPR_OUT,0.2438300911833317,unsupervised,5067,2298,8
runA_grl,52,logits,ODIN_T100_e0,FPR95,0.9715808170515098,unsupervised,5067,2298,8
runA_grl,52,logits,ODIN_T1_e0014,AUROC,0.4780737508165173,unsupervised,5067,2298,8
runA_grl,52,logits,ODIN_T1_e0014,AUPR_IN,0.684990198941219,unsupervised,5067,2298,8
runA_grl,52,logits,ODIN_T1_e0014,AUPR_OUT,0.2949908831587245,unsupervised,5067,2298,8
runA_grl,52,logits,ODIN_T1_e0014,FPR95,0.9398065916716005,unsupervised,5067,2298,8
runA_grl,52,logits,ODIN_T10_e0014,AUROC,0.481955675583388,unsupervised,5067,2298,8
runA_grl,52,logits,ODIN_T10_e0014,AUPR_IN,0.6782230212318647,unsupervised,5067,2298,8
runA_grl,52,logits,ODIN_T10_e0014,AUPR_OUT,0.290582711911184,unsupervised,5067,2298,8
runA_grl,52,logits,ODIN_T10_e0014,FPR95,0.9557923820801263,unsupervised,5067,2298,8
runA_grl,52,logits,ODIN_T100_e0014,AUROC,0.4820261412649264,unsupervised,5067,2298,8
runA_grl,52,logits,ODIN_T100_e0014,AUPR_IN,0.676532166529734,unsupervised,5067,2298,8
runA_grl,52,logits,ODIN_T100_e0014,AUPR_OUT,0.2906738480848817,unsupervised,5067,2298,8
runA_grl,52,logits,ODIN_T100_e0014,FPR95,0.9571738701401223,unsupervised,5067,2298,8
runA_grl,52,logits,cosine_max,AUROC,0.42427313855090265,unsupervised,5067,2298,8
runA_grl,52,logits,cosine_max,AUPR_IN,0.6216977940421351,unsupervised,5067,2298,8
runA_grl,52,logits,cosine_max,AUPR_OUT,0.27913813127928433,unsupervised,5067,2298,8
runA_grl,52,logits,cosine_max,FPR95,0.9857904085257548,unsupervised,5067,2298,8
runA_grl,52,logits,mahalanobis_classcond,AUROC,0.440650805747801,unsupervised,5067,2298,8
runA_grl,52,logits,mahalanobis_classcond,AUPR_IN,0.6378881356642019,unsupervised,5067,2298,8
runA_grl,52,logits,mahalanobis_classcond,AUPR_OUT,0.30729394255517106,unsupervised,5067,2298,8
runA_grl,52,logits,mahalanobis_classcond,FPR95,0.9723702388000789,unsupervised,5067,2298,8
runA_grl,52,logits,mahalanobis_agnostic,AUROC,0.48318760120048443,unsupervised,5067,2298,8
runA_grl,52,logits,mahalanobis_agnostic,AUPR_IN,0.689382638041943,unsupervised,5067,2298,8
runA_grl,52,logits,mahalanobis_agnostic,AUPR_OUT,0.3214106399120913,unsupervised,5067,2298,8
runA_grl,52,logits,mahalanobis_agnostic,FPR95,0.9338859285573318,unsupervised,5067,2298,8
runA_grl,52,logits,knn_k50,AUROC,0.42655140009855746,unsupervised,5067,2298,8
runA_grl,52,logits,knn_k50,AUPR_IN,0.6322071816222973,unsupervised,5067,2298,8
runA_grl,52,logits,knn_k50,AUPR_OUT,0.2822994940515795,unsupervised,5067,2298,8
runA_grl,52,logits,knn_k50,FPR95,0.9763173475429248,unsupervised,5067,2298,8
runA_grl,52,z_context,context_predictor_softmax,AUROC,0.9999999141186088,domain-supervised,5067,2298,2
runA_grl,52,z_context,context_predictor_softmax,AUPR_IN,0.9999999610585167,domain-supervised,5067,2298,2
runA_grl,52,z_context,context_predictor_softmax,AUPR_OUT,0.9999998107172642,domain-supervised,5067,2298,2
runA_grl,52,z_context,context_predictor_softmax,FPR95,0.0,domain-supervised,5067,2298,2
runA_grl,62,z_lesion,cosine_max,AUROC,0.42359982844333277,unsupervised,5067,2298,16
runA_grl,62,z_lesion,cosine_max,AUPR_IN,0.6341387874574415,unsupervised,5067,2298,16
runA_grl,62,z_lesion,cosine_max,AUPR_OUT,0.2776055380064608,unsupervised,5067,2298,16
runA_grl,62,z_lesion,cosine_max,FPR95,0.9741464377343596,unsupervised,5067,2298,16
runA_grl,62,z_lesion,mahalanobis_agnostic,AUROC,0.3757473183964982,unsupervised,5067,2298,16
runA_grl,62,z_lesion,mahalanobis_agnostic,AUPR_IN,0.6062049861895892,unsupervised,5067,2298,16
runA_grl,62,z_lesion,mahalanobis_agnostic,AUPR_OUT,0.2613997682506446,unsupervised,5067,2298,16
runA_grl,62,z_lesion,mahalanobis_agnostic,FPR95,0.9765147029800672,unsupervised,5067,2298,16
runA_grl,62,z_lesion,knn_k50,AUROC,0.3976344486062567,unsupervised,5067,2298,16
runA_grl,62,z_lesion,knn_k50,AUPR_IN,0.6235992056626769,unsupervised,5067,2298,16
runA_grl,62,z_lesion,knn_k50,AUPR_OUT,0.27212568752063676,unsupervised,5067,2298,16
runA_grl,62,z_lesion,knn_k50,FPR95,0.9686204854943754,unsupervised,5067,2298,16
runA_grl,62,z_lesion,mahalanobis_classcond,AUROC,0.3850390408216582,unsupervised,5067,2298,16
runA_grl,62,z_lesion,mahalanobis_classcond,AUPR_IN,0.6110348333611785,unsupervised,5067,2298,16
runA_grl,62,z_lesion,mahalanobis_classcond,AUPR_OUT,0.2734996462554184,unsupervised,5067,2298,16
runA_grl,62,z_lesion,mahalanobis_classcond,FPR95,0.9743437931715019,unsupervised,5067,2298,16
runA_grl,62,z_context,cosine_max,AUROC,0.9994621248464655,domain-supervised,5067,2298,64
runA_grl,62,z_context,cosine_max,AUPR_IN,0.9998272905701127,domain-supervised,5067,2298,64
runA_grl,62,z_context,cosine_max,AUPR_OUT,0.9967308058392197,domain-supervised,5067,2298,64
runA_grl,62,z_context,cosine_max,FPR95,0.0005920663114268798,domain-supervised,5067,2298,64
runA_grl,62,z_context,mahalanobis_agnostic,AUROC,0.9999998282372174,domain-supervised,5067,2298,64
runA_grl,62,z_context,mahalanobis_agnostic,AUPR_IN,0.9999999221093482,domain-supervised,5067,2298,64
runA_grl,62,z_context,mahalanobis_agnostic,AUPR_OUT,0.9999996215991221,domain-supervised,5067,2298,64
runA_grl,62,z_context,mahalanobis_agnostic,FPR95,0.0,domain-supervised,5067,2298,64
runA_grl,62,z_context,knn_k50,AUROC,0.9999887495377434,domain-supervised,5067,2298,64
runA_grl,62,z_context,knn_k50,AUPR_IN,0.9999949531063349,domain-supervised,5067,2298,64
runA_grl,62,z_context,knn_k50,AUPR_OUT,0.9999749125560491,domain-supervised,5067,2298,64
runA_grl,62,z_context,knn_k50,FPR95,0.0,domain-supervised,5067,2298,64
runA_grl,62,z_context,mahalanobis_classcond,AUROC,0.9999998282372174,domain-supervised,5067,2298,64
runA_grl,62,z_context,mahalanobis_classcond,AUPR_IN,0.9999999221093482,domain-supervised,5067,2298,64
runA_grl,62,z_context,mahalanobis_classcond,AUPR_OUT,0.9999996215991221,domain-supervised,5067,2298,64
runA_grl,62,z_context,mahalanobis_classcond,FPR95,0.0,domain-supervised,5067,2298,64
runA_grl,62,concat_z,cosine_max,AUROC,0.9999880624866133,unsupervised,5067,2298,80
runA_grl,62,concat_z,cosine_max,AUPR_IN,0.9999946806842471,unsupervised,5067,2298,80
runA_grl,62,concat_z,cosine_max,AUPR_OUT,0.9999731663738928,unsupervised,5067,2298,80
runA_grl,62,concat_z,cosine_max,FPR95,0.0,unsupervised,5067,2298,80
runA_grl,62,concat_z,mahalanobis_agnostic,AUROC,0.9999998282372174,unsupervised,5067,2298,80
runA_grl,62,concat_z,mahalanobis_agnostic,AUPR_IN,0.9999999221093482,unsupervised,5067,2298,80
runA_grl,62,concat_z,mahalanobis_agnostic,AUPR_OUT,0.9999996215991221,unsupervised,5067,2298,80
runA_grl,62,concat_z,mahalanobis_agnostic,FPR95,0.0,unsupervised,5067,2298,80
runA_grl,62,concat_z,knn_k50,AUROC,0.9999918412678293,unsupervised,5067,2298,80
runA_grl,62,concat_z,knn_k50,AUPR_IN,0.9999963501365615,unsupervised,5067,2298,80
runA_grl,62,concat_z,knn_k50,AUPR_OUT,0.9999817443255961,unsupervised,5067,2298,80
runA_grl,62,concat_z,knn_k50,FPR95,0.0,unsupervised,5067,2298,80
runA_grl,62,concat_z,mahalanobis_classcond,AUROC,0.9999998282372174,unsupervised,5067,2298,80
runA_grl,62,concat_z,mahalanobis_classcond,AUPR_IN,0.9999999221093482,unsupervised,5067,2298,80
runA_grl,62,concat_z,mahalanobis_classcond,AUPR_OUT,0.9999996215991221,unsupervised,5067,2298,80
runA_grl,62,concat_z,mahalanobis_classcond,FPR95,0.0,unsupervised,5067,2298,80
runA_grl,62,backbone_raw_lesion,cosine_max,AUROC,0.4279439668580275,unsupervised,5067,2298,1536
runA_grl,62,backbone_raw_lesion,cosine_max,AUPR_IN,0.6437139670539446,unsupervised,5067,2298,1536
runA_grl,62,backbone_raw_lesion,cosine_max,AUPR_OUT,0.2979567549856851,unsupervised,5067,2298,1536
runA_grl,62,backbone_raw_lesion,cosine_max,FPR95,0.9611209788829682,unsupervised,5067,2298,1536
runA_grl,62,backbone_raw_lesion,mahalanobis_agnostic,AUROC,0.4312934269990139,unsupervised,5067,2298,1536
runA_grl,62,backbone_raw_lesion,mahalanobis_agnostic,AUPR_IN,0.6379603322735119,unsupervised,5067,2298,1536
runA_grl,62,backbone_raw_lesion,mahalanobis_agnostic,AUPR_OUT,0.32077244251941833,unsupervised,5067,2298,1536
runA_grl,62,backbone_raw_lesion,mahalanobis_agnostic,FPR95,0.9646733767515295,unsupervised,5067,2298,1536
runA_grl,62,backbone_raw_lesion,knn_k50,AUROC,0.48133445253962437,unsupervised,5067,2298,1536
runA_grl,62,backbone_raw_lesion,knn_k50,AUPR_IN,0.6721092381537248,unsupervised,5067,2298,1536
runA_grl,62,backbone_raw_lesion,knn_k50,AUPR_OUT,0.37460997873241975,unsupervised,5067,2298,1536
runA_grl,62,backbone_raw_lesion,knn_k50,FPR95,0.9482928754687192,unsupervised,5067,2298,1536
runA_grl,62,backbone_raw_lesion,mahalanobis_classcond,AUROC,0.43134229351064746,unsupervised,5067,2298,1536
runA_grl,62,backbone_raw_lesion,mahalanobis_classcond,AUPR_IN,0.6381474448704771,unsupervised,5067,2298,1536
runA_grl,62,backbone_raw_lesion,mahalanobis_classcond,AUPR_OUT,0.32056734465751596,unsupervised,5067,2298,1536
runA_grl,62,backbone_raw_lesion,mahalanobis_classcond,FPR95,0.9644760213143873,unsupervised,5067,2298,1536
runA_grl,62,backbone_raw_context,cosine_max,AUROC,0.9990465447941019,domain-supervised,5067,2298,1536
runA_grl,62,backbone_raw_context,cosine_max,AUPR_IN,0.9996970593455528,domain-supervised,5067,2298,1536
runA_grl,62,backbone_raw_context,cosine_max,AUPR_OUT,0.9901965575777267,domain-supervised,5067,2298,1536
runA_grl,62,backbone_raw_context,cosine_max,FPR95,0.0011841326228537595,domain-supervised,5067,2298,1536
runA_grl,62,backbone_raw_context,mahalanobis_agnostic,AUROC,1.0,domain-supervised,5067,2298,1536
runA_grl,62,backbone_raw_context,mahalanobis_agnostic,AUPR_IN,1.0,domain-supervised,5067,2298,1536
runA_grl,62,backbone_raw_context,mahalanobis_agnostic,AUPR_OUT,1.0,domain-supervised,5067,2298,1536
runA_grl,62,backbone_raw_context,mahalanobis_agnostic,FPR95,0.0,domain-supervised,5067,2298,1536
runA_grl,62,backbone_raw_context,knn_k50,AUROC,0.9998295254383258,domain-supervised,5067,2298,1536
runA_grl,62,backbone_raw_context,knn_k50,AUPR_IN,0.9999352405022676,domain-supervised,5067,2298,1536
runA_grl,62,backbone_raw_context,knn_k50,AUPR_OUT,0.9994853026463573,domain-supervised,5067,2298,1536
runA_grl,62,backbone_raw_context,knn_k50,FPR95,0.0005920663114268798,domain-supervised,5067,2298,1536
runA_grl,62,backbone_raw_context,mahalanobis_classcond,AUROC,1.0,domain-supervised,5067,2298,1536
runA_grl,62,backbone_raw_context,mahalanobis_classcond,AUPR_IN,1.0,domain-supervised,5067,2298,1536
runA_grl,62,backbone_raw_context,mahalanobis_classcond,AUPR_OUT,1.0,domain-supervised,5067,2298,1536
runA_grl,62,backbone_raw_context,mahalanobis_classcond,FPR95,0.0,domain-supervised,5067,2298,1536
runA_grl,62,logits,MSP,AUROC,0.45104249703236854,unsupervised,5067,2298,8
runA_grl,62,logits,MSP,AUPR_IN,0.684353482215968,unsupervised,5067,2298,8
runA_grl,62,logits,MSP,AUPR_OUT,0.27726436460994663,unsupervised,5067,2298,8
runA_grl,62,logits,MSP,FPR95,0.9082297217288336,unsupervised,5067,2298,8
runA_grl,62,logits,Energy_T1,AUROC,0.48617137837743596,unsupervised,5067,2298,8
runA_grl,62,logits,Energy_T1,AUPR_IN,0.7016207835037558,unsupervised,5067,2298,8
runA_grl,62,logits,Energy_T1,AUPR_OUT,0.28469174869656355,unsupervised,5067,2298,8
runA_grl,62,logits,Energy_T1,FPR95,0.9352674166173278,unsupervised,5067,2298,8
runA_grl,62,logits,ODIN_T1_e0,AUROC,0.45104249703236854,unsupervised,5067,2298,8
runA_grl,62,logits,ODIN_T1_e0,AUPR_IN,0.684353482215968,unsupervised,5067,2298,8
runA_grl,62,logits,ODIN_T1_e0,AUPR_OUT,0.27726436460994663,unsupervised,5067,2298,8
runA_grl,62,logits,ODIN_T1_e0,FPR95,0.9082297217288336,unsupervised,5067,2298,8
runA_grl,62,logits,ODIN_T10_e0,AUROC,0.45873888673326596,unsupervised,5067,2298,8
runA_grl,62,logits,ODIN_T10_e0,AUPR_IN,0.6902617371304612,unsupervised,5067,2298,8
runA_grl,62,logits,ODIN_T10_e0,AUPR_OUT,0.2746892432711491,unsupervised,5067,2298,8
runA_grl,62,logits,ODIN_T10_e0,FPR95,0.9175054272745214,unsupervised,5067,2298,8
runA_grl,62,logits,ODIN_T100_e0,AUROC,0.4608739840016709,unsupervised,5067,2298,8
runA_grl,62,logits,ODIN_T100_e0,AUPR_IN,0.6913790307177792,unsupervised,5067,2298,8
runA_grl,62,logits,ODIN_T100_e0,AUPR_OUT,0.2750652090608535,unsupervised,5067,2298,8
runA_grl,62,logits,ODIN_T100_e0,FPR95,0.9171107164002368,unsupervised,5067,2298,8
runA_grl,62,logits,ODIN_T1_e0014,AUROC,0.5907474738418165,unsupervised,5067,2298,8
runA_grl,62,logits,ODIN_T1_e0014,AUPR_IN,0.7653557056950545,unsupervised,5067,2298,8
runA_grl,62,logits,ODIN_T1_e0014,AUPR_OUT,0.34498365893578214,unsupervised,5067,2298,8
runA_grl,62,logits,ODIN_T1_e0014,FPR95,0.9015196368659957,unsupervised,5067,2298,8
runA_grl,62,logits,ODIN_T10_e0014,AUROC,0.619634023321607,unsupervised,5067,2298,8
runA_grl,62,logits,ODIN_T10_e0014,AUPR_IN,0.7681518818274442,unsupervised,5067,2298,8
runA_grl,62,logits,ODIN_T10_e0014,AUPR_OUT,0.37598100119334277,unsupervised,5067,2298,8
runA_grl,62,logits,ODIN_T10_e0014,FPR95,0.9123741859088218,unsupervised,5067,2298,8
runA_grl,62,logits,ODIN_T100_e0014,AUROC,0.6224428171638426,unsupervised,5067,2298,8
runA_grl,62,logits,ODIN_T100_e0014,AUPR_IN,0.7680488595207097,unsupervised,5067,2298,8
runA_grl,62,logits,ODIN_T100_e0014,AUPR_OUT,0.380366701387108,unsupervised,5067,2298,8
runA_grl,62,logits,ODIN_T100_e0014,FPR95,0.9137556739688178,unsupervised,5067,2298,8
runA_grl,62,logits,cosine_max,AUROC,0.4167657308514985,unsupervised,5067,2298,8
runA_grl,62,logits,cosine_max,AUPR_IN,0.6298968329573853,unsupervised,5067,2298,8
runA_grl,62,logits,cosine_max,AUPR_OUT,0.2722983450441381,unsupervised,5067,2298,8
runA_grl,62,logits,cosine_max,FPR95,0.9741464377343596,unsupervised,5067,2298,8
runA_grl,62,logits,mahalanobis_classcond,AUROC,0.405150444444788,unsupervised,5067,2298,8
runA_grl,62,logits,mahalanobis_classcond,AUPR_IN,0.6173514297643693,unsupervised,5067,2298,8
runA_grl,62,logits,mahalanobis_classcond,AUPR_OUT,0.2776728370891276,unsupervised,5067,2298,8
runA_grl,62,logits,mahalanobis_classcond,FPR95,0.9814485889086244,unsupervised,5067,2298,8
runA_grl,62,logits,mahalanobis_agnostic,AUROC,0.40504498209630635,unsupervised,5067,2298,8
runA_grl,62,logits,mahalanobis_agnostic,AUPR_IN,0.6146821801193874,unsupervised,5067,2298,8
runA_grl,62,logits,mahalanobis_agnostic,AUPR_OUT,0.2720465838454018,unsupervised,5067,2298,8
runA_grl,62,logits,mahalanobis_agnostic,FPR95,0.9818432997829091,unsupervised,5067,2298,8
runA_grl,62,logits,knn_k50,AUROC,0.39481367430993874,unsupervised,5067,2298,8
runA_grl,62,logits,knn_k50,AUPR_IN,0.6224648995344617,unsupervised,5067,2298,8
runA_grl,62,logits,knn_k50,AUPR_OUT,0.26672554555039574,unsupervised,5067,2298,8
runA_grl,62,logits,knn_k50,FPR95,0.9676337083086639,unsupervised,5067,2298,8
runA_grl,62,z_context,context_predictor_softmax,AUROC,0.9999997423558262,domain-supervised,5067,2298,2
runA_grl,62,z_context,context_predictor_softmax,AUPR_IN,0.9999998831832295,domain-supervised,5067,2298,2
runA_grl,62,z_context,context_predictor_softmax,AUPR_OUT,0.9999994322340178,domain-supervised,5067,2298,2
runA_grl,62,z_context,context_predictor_softmax,FPR95,0.0,domain-supervised,5067,2298,2
runA_grl,72,z_lesion,cosine_max,AUROC,0.38708383380714095,unsupervised,5067,2298,16
runA_grl,72,z_lesion,cosine_max,AUPR_IN,0.5928932410391898,unsupervised,5067,2298,16
runA_grl,72,z_lesion,cosine_max,AUPR_OUT,0.26991795832428417,unsupervised,5067,2298,16
runA_grl,72,z_lesion,cosine_max,FPR95,0.9954608249457273,unsupervised,5067,2298,16
runA_grl,72,z_lesion,mahalanobis_agnostic,AUROC,0.3996523177755758,unsupervised,5067,2298,16
runA_grl,72,z_lesion,mahalanobis_agnostic,AUPR_IN,0.601173004043798,unsupervised,5067,2298,16
runA_grl,72,z_lesion,mahalanobis_agnostic,AUPR_OUT,0.2863491488191411,unsupervised,5067,2298,16
runA_grl,72,z_lesion,mahalanobis_agnostic,FPR95,0.9893428063943162,unsupervised,5067,2298,16
runA_grl,72,z_lesion,knn_k50,AUROC,0.39671646241495384,unsupervised,5067,2298,16
runA_grl,72,z_lesion,knn_k50,AUPR_IN,0.6080369686946592,unsupervised,5067,2298,16
runA_grl,72,z_lesion,knn_k50,AUPR_OUT,0.2824694739551933,unsupervised,5067,2298,16
runA_grl,72,z_lesion,knn_k50,FPR95,0.9834221432800474,unsupervised,5067,2298,16
runA_grl,72,z_lesion,mahalanobis_classcond,AUROC,0.392315728163411,unsupervised,5067,2298,16
runA_grl,72,z_lesion,mahalanobis_classcond,AUPR_IN,0.5961089981383267,unsupervised,5067,2298,16
runA_grl,72,z_lesion,mahalanobis_classcond,AUPR_OUT,0.29761831325104915,unsupervised,5067,2298,16
runA_grl,72,z_lesion,mahalanobis_classcond,FPR95,0.9923031379514505,unsupervised,5067,2298,16
runA_grl,72,z_context,cosine_max,AUROC,0.9998025586814665,domain-supervised,5067,2298,64
runA_grl,72,z_context,cosine_max,AUPR_IN,0.9999300522767072,domain-supervised,5067,2298,64
runA_grl,72,z_context,cosine_max,AUPR_OUT,0.9992546814389909,domain-supervised,5067,2298,64
runA_grl,72,z_context,cosine_max,FPR95,0.00039471087428458656,domain-supervised,5067,2298,64
runA_grl,72,z_context,mahalanobis_agnostic,AUROC,0.9999959635746103,domain-supervised,5067,2298,64
runA_grl,72,z_context,mahalanobis_agnostic,AUPR_IN,0.9999981841503479,domain-supervised,5067,2298,64
runA_grl,72,z_context,mahalanobis_agnostic,AUPR_OUT,0.9999910254040456,domain-supervised,5067,2298,64
runA_grl,72,z_context,mahalanobis_agnostic,FPR95,0.0,domain-supervised,5067,2298,64
runA_grl,72,z_context,knn_k50,AUROC,0.9999130021506417,domain-supervised,5067,2298,64
runA_grl,72,z_context,knn_k50,AUPR_IN,0.9999654730696623,domain-supervised,5067,2298,64
runA_grl,72,z_context,knn_k50,AUPR_OUT,0.9997669787260958,domain-supervised,5067,2298,64
runA_grl,72,z_context,knn_k50,FPR95,0.00019735543714229328,domain-supervised,5067,2298,64
runA_grl,72,z_context,mahalanobis_classcond,AUROC,0.9999960494560015,domain-supervised,5067,2298,64
runA_grl,72,z_context,mahalanobis_classcond,AUPR_IN,0.9999982224392769,domain-supervised,5067,2298,64
runA_grl,72,z_context,mahalanobis_classcond,AUPR_OUT,0.999991218294564,domain-supervised,5067,2298,64
runA_grl,72,z_context,mahalanobis_classcond,FPR95,0.0,domain-supervised,5067,2298,64
runA_grl,72,concat_z,cosine_max,AUROC,0.9998995187722121,unsupervised,5067,2298,80
runA_grl,72,concat_z,cosine_max,AUPR_IN,0.9999629120324509,unsupervised,5067,2298,80
runA_grl,72,concat_z,cosine_max,AUPR_OUT,0.9996916144385558,unsupervised,5067,2298,80
runA_grl,72,concat_z,cosine_max,FPR95,0.00019735543714229328,unsupervised,5067,2298,80
runA_grl,72,concat_z,mahalanobis_agnostic,AUROC,0.9999961353373928,unsupervised,5067,2298,80
runA_grl,72,concat_z,mahalanobis_agnostic,AUPR_IN,0.9999982607431948,unsupervised,5067,2298,80
runA_grl,72,concat_z,mahalanobis_agnostic,AUPR_OUT,0.9999914110996193,unsupervised,5067,2298,80
runA_grl,72,concat_z,mahalanobis_agnostic,FPR95,0.0,unsupervised,5067,2298,80
runA_grl,72,concat_z,knn_k50,AUROC,0.9999160938807277,unsupervised,5067,2298,80
runA_grl,72,concat_z,knn_k50,AUPR_IN,0.9999680747897886,unsupervised,5067,2298,80
runA_grl,72,concat_z,knn_k50,AUPR_OUT,0.9997595635381409,unsupervised,5067,2298,80
runA_grl,72,concat_z,knn_k50,FPR95,0.00019735543714229328,unsupervised,5067,2298,80
runA_grl,72,concat_z,mahalanobis_classcond,AUROC,0.9999960494560015,unsupervised,5067,2298,80
runA_grl,72,concat_z,mahalanobis_classcond,AUPR_IN,0.9999982224392769,unsupervised,5067,2298,80
runA_grl,72,concat_z,mahalanobis_classcond,AUPR_OUT,0.999991218294564,unsupervised,5067,2298,80
runA_grl,72,concat_z,mahalanobis_classcond,FPR95,0.0,unsupervised,5067,2298,80
runA_grl,72,backbone_raw_lesion,cosine_max,AUROC,0.37999836138305454,unsupervised,5067,2298,1536
runA_grl,72,backbone_raw_lesion,cosine_max,AUPR_IN,0.5913350942638781,unsupervised,5067,2298,1536
runA_grl,72,backbone_raw_lesion,cosine_max,AUPR_OUT,0.27689219928265696,unsupervised,5067,2298,1536
runA_grl,72,backbone_raw_lesion,cosine_max,FPR95,0.9930925597000198,unsupervised,5067,2298,1536
runA_grl,72,backbone_raw_lesion,mahalanobis_agnostic,AUROC,0.4473480084019482,unsupervised,5067,2298,1536
runA_grl,72,backbone_raw_lesion,mahalanobis_agnostic,AUPR_IN,0.6225790726137626,unsupervised,5067,2298,1536
runA_grl,72,backbone_raw_lesion,mahalanobis_agnostic,AUPR_OUT,0.37370289087790576,unsupervised,5067,2298,1536
runA_grl,72,backbone_raw_lesion,mahalanobis_agnostic,FPR95,0.9857904085257548,unsupervised,5067,2298,1536
runA_grl,72,backbone_raw_lesion,knn_k50,AUROC,0.42399844692092026,unsupervised,5067,2298,1536
runA_grl,72,backbone_raw_lesion,knn_k50,AUPR_IN,0.6075963108777699,unsupervised,5067,2298,1536
runA_grl,72,backbone_raw_lesion,knn_k50,AUPR_OUT,0.3435534559903731,unsupervised,5067,2298,1536
runA_grl,72,backbone_raw_lesion,knn_k50,FPR95,0.9903295835800277,unsupervised,5067,2298,1536
runA_grl,72,backbone_raw_lesion,mahalanobis_classcond,AUROC,0.44701259862833675,unsupervised,5067,2298,1536
runA_grl,72,backbone_raw_lesion,mahalanobis_classcond,AUPR_IN,0.6225632035375603,unsupervised,5067,2298,1536
runA_grl,72,backbone_raw_lesion,mahalanobis_classcond,AUPR_OUT,0.37337057839639887,unsupervised,5067,2298,1536
runA_grl,72,backbone_raw_lesion,mahalanobis_classcond,FPR95,0.9855930530886126,unsupervised,5067,2298,1536
runA_grl,72,backbone_raw_context,cosine_max,AUROC,0.9996050314815416,domain-supervised,5067,2298,1536
runA_grl,72,backbone_raw_context,cosine_max,AUPR_IN,0.9998709481592943,domain-supervised,5067,2298,1536
runA_grl,72,backbone_raw_context,cosine_max,AUPR_OUT,0.9964761705296822,domain-supervised,5067,2298,1536
runA_grl,72,backbone_raw_context,cosine_max,FPR95,0.0005920663114268798,domain-supervised,5067,2298,1536
runA_grl,72,backbone_raw_context,mahalanobis_agnostic,AUROC,0.9999794743474861,domain-supervised,5067,2298,1536
runA_grl,72,backbone_raw_context,mahalanobis_agnostic,AUPR_IN,0.999991103610075,domain-supervised,5067,2298,1536
runA_grl,72,backbone_raw_context,mahalanobis_agnostic,AUPR_OUT,0.9999522883018036,domain-supervised,5067,2298,1536
runA_grl,72,backbone_raw_context,mahalanobis_agnostic,FPR95,0.00019735543714229328,domain-supervised,5067,2298,1536
runA_grl,72,backbone_raw_context,knn_k50,AUROC,0.9996603390975205,domain-supervised,5067,2298,1536
runA_grl,72,backbone_raw_context,knn_k50,AUPR_IN,0.9998892323775859,domain-supervised,5067,2298,1536
runA_grl,72,backbone_raw_context,knn_k50,AUPR_OUT,0.9964942655554808,domain-supervised,5067,2298,1536
runA_grl,72,backbone_raw_context,knn_k50,FPR95,0.00039471087428458656,domain-supervised,5067,2298,1536
runA_grl,72,backbone_raw_context,mahalanobis_classcond,AUROC,0.9999794743474861,domain-supervised,5067,2298,1536
runA_grl,72,backbone_raw_context,mahalanobis_classcond,AUPR_IN,0.999991103610075,domain-supervised,5067,2298,1536
runA_grl,72,backbone_raw_context,mahalanobis_classcond,AUPR_OUT,0.9999522883018036,domain-supervised,5067,2298,1536
runA_grl,72,backbone_raw_context,mahalanobis_classcond,FPR95,0.00019735543714229328,domain-supervised,5067,2298,1536
runA_grl,72,logits,MSP,AUROC,0.4190655915690582,unsupervised,5067,2298,8
runA_grl,72,logits,MSP,AUPR_IN,0.64618659644048,unsupervised,5067,2298,8
runA_grl,72,logits,MSP,AUPR_OUT,0.26684035734571065,unsupervised,5067,2298,8
runA_grl,72,logits,MSP,FPR95,0.9577659364515493,unsupervised,5067,2298,8
runA_grl,72,logits,Energy_T1,AUROC,0.42769589845933936,unsupervised,5067,2298,8
runA_grl,72,logits,Energy_T1,AUPR_IN,0.660938043453273,unsupervised,5067,2298,8
runA_grl,72,logits,Energy_T1,AUPR_OUT,0.2625706450456394,unsupervised,5067,2298,8
runA_grl,72,logits,Energy_T1,FPR95,0.9550029603315572,unsupervised,5067,2298,8
runA_grl,72,logits,ODIN_T1_e0,AUROC,0.4190655915690582,unsupervised,5067,2298,8
runA_grl,72,logits,ODIN_T1_e0,AUPR_IN,0.64618659644048,unsupervised,5067,2298,8
runA_grl,72,logits,ODIN_T1_e0,AUPR_OUT,0.26684035734571065,unsupervised,5067,2298,8
runA_grl,72,logits,ODIN_T1_e0,FPR95,0.9577659364515493,unsupervised,5067,2298,8
runA_grl,72,logits,ODIN_T10_e0,AUROC,0.4126818989337482,unsupervised,5067,2298,8
runA_grl,72,logits,ODIN_T10_e0,AUPR_IN,0.6458551337029437,unsupervised,5067,2298,8
runA_grl,72,logits,ODIN_T10_e0,AUPR_OUT,0.25831653661409093,unsupervised,5067,2298,8
runA_grl,72,logits,ODIN_T10_e0,FPR95,0.9644760213143873,unsupervised,5067,2298,8
runA_grl,72,logits,ODIN_T100_e0,AUROC,0.41235696668987176,unsupervised,5067,2298,8
runA_grl,72,logits,ODIN_T100_e0,AUPR_IN,0.645524049721312,unsupervised,5067,2298,8
runA_grl,72,logits,ODIN_T100_e0,AUPR_OUT,0.2577156584630442,unsupervised,5067,2298,8
runA_grl,72,logits,ODIN_T100_e0,FPR95,0.9648707321886718,unsupervised,5067,2298,8
runA_grl,72,logits,ODIN_T1_e0014,AUROC,0.563599679009712,unsupervised,5067,2298,8
runA_grl,72,logits,ODIN_T1_e0014,AUPR_IN,0.7221188665879349,unsupervised,5067,2298,8
runA_grl,72,logits,ODIN_T1_e0014,AUPR_OUT,0.35040930910669676,unsupervised,5067,2298,8
runA_grl,72,logits,ODIN_T1_e0014,FPR95,0.9425695677915926,unsupervised,5067,2298,8
runA_grl,72,logits,ODIN_T10_e0014,AUROC,0.5844114453786622,unsupervised,5067,2298,8
runA_grl,72,logits,ODIN_T10_e0014,AUPR_IN,0.7210275480426093,unsupervised,5067,2298,8
runA_grl,72,logits,ODIN_T10_e0014,AUPR_OUT,0.37182254983180985,unsupervised,5067,2298,8
runA_grl,72,logits,ODIN_T10_e0014,FPR95,0.9538188277087034,unsupervised,5067,2298,8
runA_grl,72,logits,ODIN_T100_e0014,AUROC,0.586112283392102,unsupervised,5067,2298,8
runA_grl,72,logits,ODIN_T100_e0014,AUPR_IN,0.7205773130423758,unsupervised,5067,2298,8
runA_grl,72,logits,ODIN_T100_e0014,AUPR_OUT,0.37496461213166055,unsupervised,5067,2298,8
runA_grl,72,logits,ODIN_T100_e0014,FPR95,0.9563844483915532,unsupervised,5067,2298,8
runA_grl,72,logits,cosine_max,AUROC,0.3842416750443964,unsupervised,5067,2298,8
runA_grl,72,logits,cosine_max,AUPR_IN,0.592057857537285,unsupervised,5067,2298,8
runA_grl,72,logits,cosine_max,AUPR_OUT,0.2702029033915172,unsupervised,5067,2298,8
runA_grl,72,logits,cosine_max,FPR95,0.993289915137162,unsupervised,5067,2298,8
runA_grl,72,logits,mahalanobis_classcond,AUROC,0.3951481823289419,unsupervised,5067,2298,8
runA_grl,72,logits,mahalanobis_classcond,AUPR_IN,0.593960653812748,unsupervised,5067,2298,8
runA_grl,72,logits,mahalanobis_classcond,AUPR_OUT,0.3002380271128162,unsupervised,5067,2298,8
runA_grl,72,logits,mahalanobis_classcond,FPR95,0.9952634695085849,unsupervised,5067,2298,8
runA_grl,72,logits,mahalanobis_agnostic,AUROC,0.4201344284241297,unsupervised,5067,2298,8
runA_grl,72,logits,mahalanobis_agnostic,AUPR_IN,0.6124092324341766,unsupervised,5067,2298,8
runA_grl,72,logits,mahalanobis_agnostic,AUPR_OUT,0.2938288038473037,unsupervised,5067,2298,8
runA_grl,72,logits,mahalanobis_agnostic,FPR95,0.9861851194000395,unsupervised,5067,2298,8
runA_grl,72,logits,knn_k50,AUROC,0.39758429387375405,unsupervised,5067,2298,8
runA_grl,72,logits,knn_k50,AUPR_IN,0.6135095929780041,unsupervised,5067,2298,8
runA_grl,72,logits,knn_k50,AUPR_OUT,0.280422931714687,unsupervised,5067,2298,8
runA_grl,72,logits,knn_k50,FPR95,0.9747385040457864,unsupervised,5067,2298,8
runA_grl,72,z_context,context_predictor_softmax,AUROC,0.9999933871328721,domain-supervised,5067,2298,2
runA_grl,72,z_context,context_predictor_softmax,AUPR_IN,0.9999970435371452,domain-supervised,5067,2298,2
runA_grl,72,z_context,context_predictor_softmax,AUPR_OUT,0.9999851925456626,domain-supervised,5067,2298,2
runA_grl,72,z_context,context_predictor_softmax,FPR95,0.0,domain-supervised,5067,2298,2
runA_grl,82,z_lesion,cosine_max,AUROC,0.43138111189950223,unsupervised,5067,2298,16
runA_grl,82,z_lesion,cosine_max,AUPR_IN,0.617977923490679,unsupervised,5067,2298,16
runA_grl,82,z_lesion,cosine_max,AUPR_OUT,0.2869439538337857,unsupervised,5067,2298,16
runA_grl,82,z_lesion,cosine_max,FPR95,0.9913163607657391,unsupervised,5067,2298,16
runA_grl,82,z_lesion,mahalanobis_agnostic,AUROC,0.4359327397555094,unsupervised,5067,2298,16
runA_grl,82,z_lesion,mahalanobis_agnostic,AUPR_IN,0.6400298470172916,unsupervised,5067,2298,16
runA_grl,82,z_lesion,mahalanobis_agnostic,AUPR_OUT,0.28807596435588345,unsupervised,5067,2298,16
runA_grl,82,z_lesion,mahalanobis_agnostic,FPR95,0.9694099072429445,unsupervised,5067,2298,16
runA_grl,82,z_lesion,knn_k50,AUROC,0.42513272539614083,unsupervised,5067,2298,16
runA_grl,82,z_lesion,knn_k50,AUPR_IN,0.6381565917926113,unsupervised,5067,2298,16
runA_grl,82,z_lesion,knn_k50,AUPR_OUT,0.28746232276728967,unsupervised,5067,2298,16
runA_grl,82,z_lesion,knn_k50,FPR95,0.9642786658772449,unsupervised,5067,2298,16
runA_grl,82,z_lesion,mahalanobis_classcond,AUROC,0.43896830341139775,unsupervised,5067,2298,16
runA_grl,82,z_lesion,mahalanobis_classcond,AUPR_IN,0.6350349070351058,unsupervised,5067,2298,16
runA_grl,82,z_lesion,mahalanobis_classcond,AUPR_OUT,0.3047728443102278,unsupervised,5067,2298,16
runA_grl,82,z_lesion,mahalanobis_classcond,FPR95,0.9759226366686402,unsupervised,5067,2298,16
runA_grl,82,z_context,cosine_max,AUROC,0.999900119941951,domain-supervised,5067,2298,64
runA_grl,82,z_context,cosine_max,AUPR_IN,0.9999607478925768,domain-supervised,5067,2298,64
runA_grl,82,z_context,cosine_max,AUPR_OUT,0.9997274846126931,domain-supervised,5067,2298,64
runA_grl,82,z_context,cosine_max,FPR95,0.00039471087428458656,domain-supervised,5067,2298,64
runA_grl,82,z_context,mahalanobis_agnostic,AUROC,0.9999990553046961,domain-supervised,5067,2298,64
runA_grl,82,z_context,mahalanobis_agnostic,AUPR_IN,0.999999571897054,domain-supervised,5067,2298,64
runA_grl,82,z_context,mahalanobis_agnostic,AUPR_OUT,0.9999979173944773,domain-supervised,5067,2298,64
runA_grl,82,z_context,mahalanobis_agnostic,FPR95,0.0,domain-supervised,5067,2298,64
runA_grl,82,z_context,knn_k50,AUROC,0.9998333042195418,domain-supervised,5067,2298,64
runA_grl,82,z_context,knn_k50,AUPR_IN,0.9999368008232469,domain-supervised,5067,2298,64
runA_grl,82,z_context,knn_k50,AUPR_OUT,0.9995147637579702,domain-supervised,5067,2298,64
runA_grl,82,z_context,knn_k50,FPR95,0.00039471087428458656,domain-supervised,5067,2298,64
runA_grl,82,z_context,mahalanobis_classcond,AUROC,0.9999990553046961,domain-supervised,5067,2298,64
runA_grl,82,z_context,mahalanobis_classcond,AUPR_IN,0.999999571897054,domain-supervised,5067,2298,64
runA_grl,82,z_context,mahalanobis_classcond,AUPR_OUT,0.9999979173944773,domain-supervised,5067,2298,64
runA_grl,82,z_context,mahalanobis_classcond,FPR95,0.0,domain-supervised,5067,2298,64
runA_grl,82,concat_z,cosine_max,AUROC,0.9999432324003695,unsupervised,5067,2298,80
runA_grl,82,concat_z,cosine_max,AUPR_IN,0.9999771255247776,unsupervised,5067,2298,80
runA_grl,82,concat_z,cosine_max,AUPR_OUT,0.9998534216303436,unsupervised,5067,2298,80
runA_grl,82,concat_z,cosine_max,FPR95,0.00019735543714229328,unsupervised,5067,2298,80
runA_grl,82,concat_z,mahalanobis_agnostic,AUROC,0.999999055304696,unsupervised,5067,2298,80
runA_grl,82,concat_z,mahalanobis_agnostic,AUPR_IN,0.999999571897054,unsupervised,5067,2298,80
runA_grl,82,concat_z,mahalanobis_agnostic,AUPR_OUT,0.9999979173944773,unsupervised,5067,2298,80
runA_grl,82,concat_z,mahalanobis_agnostic,FPR95,0.0,unsupervised,5067,2298,80
runA_grl,82,concat_z,knn_k50,AUROC,0.9999229643920293,unsupervised,5067,2298,80
runA_grl,82,concat_z,knn_k50,AUPR_IN,0.9999701457596845,unsupervised,5067,2298,80
runA_grl,82,concat_z,knn_k50,AUPR_OUT,0.9997867502934208,unsupervised,5067,2298,80
runA_grl,82,concat_z,knn_k50,FPR95,0.00019735543714229328,unsupervised,5067,2298,80
runA_grl,82,concat_z,mahalanobis_classcond,AUROC,0.9999987976605222,unsupervised,5067,2298,80
runA_grl,82,concat_z,mahalanobis_classcond,AUPR_IN,0.999999455118707,unsupervised,5067,2298,80
runA_grl,82,concat_z,mahalanobis_classcond,AUPR_OUT,0.9999973500404093,unsupervised,5067,2298,80
runA_grl,82,concat_z,mahalanobis_classcond,FPR95,0.0,unsupervised,5067,2298,80
runA_grl,82,backbone_raw_lesion,cosine_max,AUROC,0.42857519508387437,unsupervised,5067,2298,1536
runA_grl,82,backbone_raw_lesion,cosine_max,AUPR_IN,0.636012356138115,unsupervised,5067,2298,1536
runA_grl,82,backbone_raw_lesion,cosine_max,AUPR_OUT,0.29285043381302706,unsupervised,5067,2298,1536
runA_grl,82,backbone_raw_lesion,cosine_max,FPR95,0.9670416419972371,unsupervised,5067,2298,1536
runA_grl,82,backbone_raw_lesion,mahalanobis_agnostic,AUROC,0.4798408033826276,unsupervised,5067,2298,1536
runA_grl,82,backbone_raw_lesion,mahalanobis_agnostic,AUPR_IN,0.6657336810475404,unsupervised,5067,2298,1536
runA_grl,82,backbone_raw_lesion,mahalanobis_agnostic,AUPR_OUT,0.3650729739709104,unsupervised,5067,2298,1536
runA_grl,82,backbone_raw_lesion,mahalanobis_agnostic,FPR95,0.9569765147029801,unsupervised,5067,2298,1536
runA_grl,82,backbone_raw_lesion,knn_k50,AUROC,0.4822915147639558,unsupervised,5067,2298,1536
runA_grl,82,backbone_raw_lesion,knn_k50,AUPR_IN,0.6826315738251356,unsupervised,5067,2298,1536
runA_grl,82,backbone_raw_lesion,knn_k50,AUPR_OUT,0.3602002307677209,unsupervised,5067,2298,1536
runA_grl,82,backbone_raw_lesion,knn_k50,FPR95,0.9285573317544898,unsupervised,5067,2298,1536
runA_grl,82,backbone_raw_lesion,mahalanobis_classcond,AUROC,0.4797976909242092,unsupervised,5067,2298,1536
runA_grl,82,backbone_raw_lesion,mahalanobis_classcond,AUPR_IN,0.6657774524084406,unsupervised,5067,2298,1536
runA_grl,82,backbone_raw_lesion,mahalanobis_classcond,AUPR_OUT,0.36504392827673715,unsupervised,5067,2298,1536
runA_grl,82,backbone_raw_lesion,mahalanobis_classcond,FPR95,0.9571738701401223,unsupervised,5067,2298,1536
runA_grl,82,backbone_raw_context,cosine_max,AUROC,0.9993606989233736,domain-supervised,5067,2298,1536
runA_grl,82,backbone_raw_context,cosine_max,AUPR_IN,0.9997919972344528,domain-supervised,5067,2298,1536
runA_grl,82,backbone_raw_context,cosine_max,AUPR_OUT,0.9943403774066295,domain-supervised,5067,2298,1536
runA_grl,82,backbone_raw_context,cosine_max,FPR95,0.0007894217485691731,domain-supervised,5067,2298,1536
runA_grl,82,backbone_raw_context,mahalanobis_agnostic,AUROC,1.0,domain-supervised,5067,2298,1536
runA_grl,82,backbone_raw_context,mahalanobis_agnostic,AUPR_IN,1.0,domain-supervised,5067,2298,1536
runA_grl,82,backbone_raw_context,mahalanobis_agnostic,AUPR_OUT,1.0,domain-supervised,5067,2298,1536
runA_grl,82,backbone_raw_context,mahalanobis_agnostic,FPR95,0.0,domain-supervised,5067,2298,1536
runA_grl,82,backbone_raw_context,knn_k50,AUROC,0.9998210231805899,domain-supervised,5067,2298,1536
runA_grl,82,backbone_raw_context,knn_k50,AUPR_IN,0.9999372974517724,domain-supervised,5067,2298,1536
runA_grl,82,backbone_raw_context,knn_k50,AUPR_OUT,0.9993013138787699,domain-supervised,5067,2298,1536
runA_grl,82,backbone_raw_context,knn_k50,FPR95,0.00039471087428458656,domain-supervised,5067,2298,1536
runA_grl,82,backbone_raw_context,mahalanobis_classcond,AUROC,1.0,domain-supervised,5067,2298,1536
runA_grl,82,backbone_raw_context,mahalanobis_classcond,AUPR_IN,1.0,domain-supervised,5067,2298,1536
runA_grl,82,backbone_raw_context,mahalanobis_classcond,AUPR_OUT,1.0,domain-supervised,5067,2298,1536
runA_grl,82,backbone_raw_context,mahalanobis_classcond,FPR95,0.0,domain-supervised,5067,2298,1536
runA_grl,82,logits,MSP,AUROC,0.40095904608446986,unsupervised,5067,2298,8
runA_grl,82,logits,MSP,AUPR_IN,0.6233390119177338,unsupervised,5067,2298,8
runA_grl,82,logits,MSP,AUPR_OUT,0.26436582587754043,unsupervised,5067,2298,8
runA_grl,82,logits,MSP,FPR95,0.9733570159857904,unsupervised,5067,2298,8
runA_grl,82,logits,Energy_T1,AUROC,0.41076704449325946,unsupervised,5067,2298,8
runA_grl,82,logits,Energy_T1,AUPR_IN,0.6454105396448566,unsupervised,5067,2298,8
runA_grl,82,logits,Energy_T1,AUPR_OUT,0.2556802984745209,unsupervised,5067,2298,8
runA_grl,82,logits,Energy_T1,FPR95,0.9615156897572528,unsupervised,5067,2298,8
runA_grl,82,logits,ODIN_T1_e0,AUROC,0.4009590031437742,unsupervised,5067,2298,8
runA_grl,82,logits,ODIN_T1_e0,AUPR_IN,0.6233389819462214,unsupervised,5067,2298,8
runA_grl,82,logits,ODIN_T1_e0,AUPR_OUT,0.2643657915712694,unsupervised,5067,2298,8
runA_grl,82,logits,ODIN_T1_e0,FPR95,0.9733570159857904,unsupervised,5067,2298,8
runA_grl,82,logits,ODIN_T10_e0,AUROC,0.37722379127524075,unsupervised,5067,2298,8
runA_grl,82,logits,ODIN_T10_e0,AUPR_IN,0.6176078803532065,unsupervised,5067,2298,8
runA_grl,82,logits,ODIN_T10_e0,AUPR_OUT,0.24929246110846773,unsupervised,5067,2298,8
runA_grl,82,logits,ODIN_T10_e0,FPR95,0.9715808170515098,unsupervised,5067,2298,8
runA_grl,82,logits,ODIN_T100_e0,AUROC,0.37449267715141044,unsupervised,5067,2298,8
runA_grl,82,logits,ODIN_T100_e0,AUPR_IN,0.6169183574657126,unsupervised,5067,2298,8
runA_grl,82,logits,ODIN_T100_e0,AUPR_OUT,0.2477487524298856,unsupervised,5067,2298,8
runA_grl,82,logits,ODIN_T100_e0,FPR95,0.9713834616143675,unsupervised,5067,2298,8
runA_grl,82,logits,ODIN_T1_e0014,AUROC,0.48149517956338933,unsupervised,5067,2298,8
runA_grl,82,logits,ODIN_T1_e0014,AUPR_IN,0.694170114047661,unsupervised,5067,2298,8
runA_grl,82,logits,ODIN_T1_e0014,AUPR_OUT,0.2993898276767092,unsupervised,5067,2298,8
runA_grl,82,logits,ODIN_T1_e0014,FPR95,0.9354647720544701,unsupervised,5067,2298,8
runA_grl,82,logits,ODIN_T10_e0014,AUROC,0.49158774596215754,unsupervised,5067,2298,8
runA_grl,82,logits,ODIN_T10_e0014,AUPR_IN,0.6937804603437523,unsupervised,5067,2298,8
runA_grl,82,logits,ODIN_T10_e0014,AUPR_OUT,0.2955990593948006,unsupervised,5067,2298,8
runA_grl,82,logits,ODIN_T10_e0014,FPR95,0.934083283994474,unsupervised,5067,2298,8
runA_grl,82,logits,ODIN_T100_e0014,AUROC,0.4926336524857595,unsupervised,5067,2298,8
runA_grl,82,logits,ODIN_T100_e0014,AUPR_IN,0.6935487266562328,unsupervised,5067,2298,8
runA_grl,82,logits,ODIN_T100_e0014,AUPR_OUT,0.2963876825075331,unsupervised,5067,2298,8
runA_grl,82,logits,ODIN_T100_e0014,FPR95,0.9344779948687586,unsupervised,5067,2298,8
runA_grl,82,logits,cosine_max,AUROC,0.43176912402526774,unsupervised,5067,2298,8
runA_grl,82,logits,cosine_max,AUPR_IN,0.6183886086489603,unsupervised,5067,2298,8
runA_grl,82,logits,cosine_max,AUPR_OUT,0.287428384823384,unsupervised,5067,2298,8
runA_grl,82,logits,cosine_max,FPR95,0.9921057825143083,unsupervised,5067,2298,8
runA_grl,82,logits,mahalanobis_classcond,AUROC,0.4562691955644666,unsupervised,5067,2298,8
runA_grl,82,logits,mahalanobis_classcond,AUPR_IN,0.6370620456167693,unsupervised,5067,2298,8
runA_grl,82,logits,mahalanobis_classcond,AUPR_OUT,0.31277879049963964,unsupervised,5067,2298,8
runA_grl,82,logits,mahalanobis_classcond,FPR95,0.9816459443457667,unsupervised,5067,2298,8
runA_grl,82,logits,mahalanobis_agnostic,AUROC,0.47857740223563006,unsupervised,5067,2298,8
runA_grl,82,logits,mahalanobis_agnostic,AUPR_IN,0.6833109700637545,unsupervised,5067,2298,8
runA_grl,82,logits,mahalanobis_agnostic,AUPR_OUT,0.3024158832298416,unsupervised,5067,2298,8
runA_grl,82,logits,mahalanobis_agnostic,FPR95,0.9380303927373199,unsupervised,5067,2298,8
runA_grl,82,logits,knn_k50,AUROC,0.42729599176088284,unsupervised,5067,2298,8
runA_grl,82,logits,knn_k50,AUPR_IN,0.637382398643211,unsupervised,5067,2298,8
runA_grl,82,logits,knn_k50,AUPR_OUT,0.2831317929255234,unsupervised,5067,2298,8
runA_grl,82,logits,knn_k50,FPR95,0.9711861061772252,unsupervised,5067,2298,8
runA_grl,82,z_context,context_predictor_softmax,AUROC,0.9999994847116525,domain-supervised,5067,2298,2
runA_grl,82,z_context,context_predictor_softmax,AUPR_IN,0.9999997664201925,domain-supervised,5067,2298,2
runA_grl,82,z_context,context_predictor_softmax,AUPR_OUT,0.9999988643026541,domain-supervised,5067,2298,2
runA_grl,82,z_context,context_predictor_softmax,FPR95,0.0,domain-supervised,5067,2298,2
runB_orth1,42,z_lesion,cosine_max,AUROC,0.4150375396149387,unsupervised,5067,2298,16
runB_orth1,42,z_lesion,cosine_max,AUPR_IN,0.6169831764248552,unsupervised,5067,2298,16
runB_orth1,42,z_lesion,cosine_max,AUPR_OUT,0.276014132755405,unsupervised,5067,2298,16
runB_orth1,42,z_lesion,cosine_max,FPR95,0.9861851194000395,unsupervised,5067,2298,16
runB_orth1,42,z_lesion,mahalanobis_agnostic,AUROC,0.3659742737139562,unsupervised,5067,2298,16
runB_orth1,42,z_lesion,mahalanobis_agnostic,AUPR_IN,0.5812286995861213,unsupervised,5067,2298,16
runB_orth1,42,z_lesion,mahalanobis_agnostic,AUPR_OUT,0.26427456926255843,unsupervised,5067,2298,16
runB_orth1,42,z_lesion,mahalanobis_agnostic,FPR95,0.9984211565028617,unsupervised,5067,2298,16
runB_orth1,42,z_lesion,knn_k50,AUROC,0.4111131035593887,unsupervised,5067,2298,16
runB_orth1,42,z_lesion,knn_k50,AUPR_IN,0.6266773821534902,unsupervised,5067,2298,16
runB_orth1,42,z_lesion,knn_k50,AUPR_OUT,0.2737814134760292,unsupervised,5067,2298,16
runB_orth1,42,z_lesion,knn_k50,FPR95,0.9741464377343596,unsupervised,5067,2298,16
runB_orth1,42,z_lesion,mahalanobis_classcond,AUROC,0.38128434933595645,unsupervised,5067,2298,16
runB_orth1,42,z_lesion,mahalanobis_classcond,AUPR_IN,0.5889510489100191,unsupervised,5067,2298,16
runB_orth1,42,z_lesion,mahalanobis_classcond,AUPR_OUT,0.2759828006711691,unsupervised,5067,2298,16
runB_orth1,42,z_lesion,mahalanobis_classcond,FPR95,0.9978290901914347,unsupervised,5067,2298,16
runB_orth1,42,z_context,cosine_max,AUROC,0.9999593781019285,domain-supervised,5067,2298,64
runB_orth1,42,z_context,cosine_max,AUPR_IN,0.9999831499780202,domain-supervised,5067,2298,64
runB_orth1,42,z_context,cosine_max,AUPR_OUT,0.9998997870627874,domain-supervised,5067,2298,64
runB_orth1,42,z_context,cosine_max,FPR95,0.00019735543714229328,domain-supervised,5067,2298,64
runB_orth1,42,z_context,mahalanobis_agnostic,AUROC,0.9999998282372174,domain-supervised,5067,2298,64
runB_orth1,42,z_context,mahalanobis_agnostic,AUPR_IN,0.9999999221323981,domain-supervised,5067,2298,64
runB_orth1,42,z_context,mahalanobis_agnostic,AUPR_OUT,0.99999962135216,domain-supervised,5067,2298,64
runB_orth1,42,z_context,mahalanobis_agnostic,FPR95,0.0,domain-supervised,5067,2298,64
runB_orth1,42,z_context,knn_k50,AUROC,0.9999993129488698,domain-supervised,5067,2298,64
runB_orth1,42,z_context,knn_k50,AUPR_IN,0.9999996888978331,domain-supervised,5067,2298,64
runB_orth1,42,z_context,knn_k50,AUPR_OUT,0.9999984834277739,domain-supervised,5067,2298,64
runB_orth1,42,z_context,knn_k50,FPR95,0.0,domain-supervised,5067,2298,64
runB_orth1,42,z_context,mahalanobis_classcond,AUROC,0.9999998282372174,domain-supervised,5067,2298,64
runB_orth1,42,z_context,mahalanobis_classcond,AUPR_IN,0.9999999221323981,domain-supervised,5067,2298,64
runB_orth1,42,z_context,mahalanobis_classcond,AUPR_OUT,0.99999962135216,domain-supervised,5067,2298,64
runB_orth1,42,z_context,mahalanobis_classcond,FPR95,0.0,domain-supervised,5067,2298,64
runB_orth1,42,concat_z,cosine_max,AUROC,0.9999941600653935,unsupervised,5067,2298,80
runB_orth1,42,concat_z,cosine_max,AUPR_IN,0.999997380647491,unsupervised,5067,2298,80
runB_orth1,42,concat_z,cosine_max,AUPR_OUT,0.9999869719756893,unsupervised,5067,2298,80
runB_orth1,42,concat_z,cosine_max,FPR95,0.0,unsupervised,5067,2298,80
runB_orth1,42,concat_z,mahalanobis_agnostic,AUROC,0.9999998282372174,unsupervised,5067,2298,80
runB_orth1,42,concat_z,mahalanobis_agnostic,AUPR_IN,0.9999999221323981,unsupervised,5067,2298,80
runB_orth1,42,concat_z,mahalanobis_agnostic,AUPR_OUT,0.99999962135216,unsupervised,5067,2298,80
runB_orth1,42,concat_z,mahalanobis_agnostic,FPR95,0.0,unsupervised,5067,2298,80
runB_orth1,42,concat_z,knn_k50,AUROC,0.9999928718445245,unsupervised,5067,2298,80
runB_orth1,42,concat_z,knn_k50,AUPR_IN,0.9999968144483422,unsupervised,5067,2298,80
runB_orth1,42,concat_z,knn_k50,AUPR_OUT,0.999984031008766,unsupervised,5067,2298,80
runB_orth1,42,concat_z,knn_k50,FPR95,0.0,unsupervised,5067,2298,80
runB_orth1,42,concat_z,mahalanobis_classcond,AUROC,0.9999998282372174,unsupervised,5067,2298,80
runB_orth1,42,concat_z,mahalanobis_classcond,AUPR_IN,0.9999999221323981,unsupervised,5067,2298,80
runB_orth1,42,concat_z,mahalanobis_classcond,AUPR_OUT,0.99999962135216,unsupervised,5067,2298,80
runB_orth1,42,concat_z,mahalanobis_classcond,FPR95,0.0,unsupervised,5067,2298,80
runB_orth1,42,backbone_raw_lesion,cosine_max,AUROC,0.41781769201318514,unsupervised,5067,2298,1536
runB_orth1,42,backbone_raw_lesion,cosine_max,AUPR_IN,0.6346066816904146,unsupervised,5067,2298,1536
runB_orth1,42,backbone_raw_lesion,cosine_max,AUPR_OUT,0.2809744142998709,unsupervised,5067,2298,1536
runB_orth1,42,backbone_raw_lesion,cosine_max,FPR95,0.9698046181172292,unsupervised,5067,2298,1536
runB_orth1,42,backbone_raw_lesion,mahalanobis_agnostic,AUROC,0.44283468364644824,unsupervised,5067,2298,1536
runB_orth1,42,backbone_raw_lesion,mahalanobis_agnostic,AUPR_IN,0.6513120926779032,unsupervised,5067,2298,1536
runB_orth1,42,backbone_raw_lesion,mahalanobis_agnostic,AUPR_OUT,0.31023885955363606,unsupervised,5067,2298,1536
runB_orth1,42,backbone_raw_lesion,mahalanobis_agnostic,FPR95,0.9559897375172686,unsupervised,5067,2298,1536
runB_orth1,42,backbone_raw_lesion,knn_k50,AUROC,0.4792144703960832,unsupervised,5067,2298,1536
runB_orth1,42,backbone_raw_lesion,knn_k50,AUPR_IN,0.6823410495634872,unsupervised,5067,2298,1536
runB_orth1,42,backbone_raw_lesion,knn_k50,AUPR_OUT,0.34984052547747035,unsupervised,5067,2298,1536
runB_orth1,42,backbone_raw_lesion,knn_k50,FPR95,0.9301361752516282,unsupervised,5067,2298,1536
runB_orth1,42,backbone_raw_lesion,mahalanobis_classcond,AUROC,0.4427523233922187,unsupervised,5067,2298,1536
runB_orth1,42,backbone_raw_lesion,mahalanobis_classcond,AUPR_IN,0.6512882796169294,unsupervised,5067,2298,1536
runB_orth1,42,backbone_raw_lesion,mahalanobis_classcond,AUPR_OUT,0.31036936319047376,unsupervised,5067,2298,1536
runB_orth1,42,backbone_raw_lesion,mahalanobis_classcond,FPR95,0.9557923820801263,unsupervised,5067,2298,1536
runB_orth1,42,backbone_raw_context,cosine_max,AUROC,0.9998562345510112,domain-supervised,5067,2298,1536
runB_orth1,42,backbone_raw_context,cosine_max,AUPR_IN,0.9999508554883554,domain-supervised,5067,2298,1536
runB_orth1,42,backbone_raw_context,cosine_max,AUPR_OUT,0.9994374837807827,domain-supervised,5067,2298,1536
runB_orth1,42,backbone_raw_context,cosine_max,FPR95,0.00019735543714229328,domain-supervised,5067,2298,1536
runB_orth1,42,backbone_raw_context,mahalanobis_agnostic,AUROC,0.9999999141186088,domain-supervised,5067,2298,1536
runB_orth1,42,backbone_raw_context,mahalanobis_agnostic,AUPR_IN,0.9999999610585167,domain-supervised,5067,2298,1536
runB_orth1,42,backbone_raw_context,mahalanobis_agnostic,AUPR_OUT,0.9999998107172642,domain-supervised,5067,2298,1536
runB_orth1,42,backbone_raw_context,mahalanobis_agnostic,FPR95,0.0,domain-supervised,5067,2298,1536
runB_orth1,42,backbone_raw_context,knn_k50,AUROC,0.9998586392299669,domain-supervised,5067,2298,1536
runB_orth1,42,backbone_raw_context,knn_k50,AUPR_IN,0.9999516092582249,domain-supervised,5067,2298,1536
runB_orth1,42,backbone_raw_context,knn_k50,AUPR_OUT,0.9994525245330205,domain-supervised,5067,2298,1536
runB_orth1,42,backbone_raw_context,knn_k50,FPR95,0.00019735543714229328,domain-supervised,5067,2298,1536
runB_orth1,42,backbone_raw_context,mahalanobis_classcond,AUROC,0.9999999141186088,domain-supervised,5067,2298,1536
runB_orth1,42,backbone_raw_context,mahalanobis_classcond,AUPR_IN,0.9999999610585167,domain-supervised,5067,2298,1536
runB_orth1,42,backbone_raw_context,mahalanobis_classcond,AUPR_OUT,0.9999998107172641,domain-supervised,5067,2298,1536
runB_orth1,42,backbone_raw_context,mahalanobis_classcond,FPR95,0.0,domain-supervised,5067,2298,1536
runB_orth1,42,logits,MSP,AUROC,0.4212247356270192,unsupervised,5067,2298,8
runB_orth1,42,logits,MSP,AUPR_IN,0.6446893493027741,unsupervised,5067,2298,8
runB_orth1,42,logits,MSP,AUPR_OUT,0.27136346606336303,unsupervised,5067,2298,8
runB_orth1,42,logits,MSP,FPR95,0.9593447799486876,unsupervised,5067,2298,8
runB_orth1,42,logits,Energy_T1,AUROC,0.439383454056805,unsupervised,5067,2298,8
runB_orth1,42,logits,Energy_T1,AUPR_IN,0.6651536584384392,unsupervised,5067,2298,8
runB_orth1,42,logits,Energy_T1,AUPR_OUT,0.2675289629032552,unsupervised,5067,2298,8
runB_orth1,42,logits,Energy_T1,FPR95,0.9540161831458457,unsupervised,5067,2298,8
runB_orth1,42,logits,ODIN_T1_e0,AUROC,0.421224864449106,unsupervised,5067,2298,8
runB_orth1,42,logits,ODIN_T1_e0,AUPR_IN,0.6446896551661836,unsupervised,5067,2298,8
runB_orth1,42,logits,ODIN_T1_e0,AUPR_OUT,0.2713635082247441,unsupervised,5067,2298,8
runB_orth1,42,logits,ODIN_T1_e0,FPR95,0.9593447799486876,unsupervised,5067,2298,8
runB_orth1,42,logits,ODIN_T10_e0,AUROC,0.4164369339450149,unsupervised,5067,2298,8
runB_orth1,42,logits,ODIN_T10_e0,AUPR_IN,0.6490902040978499,unsupervised,5067,2298,8
runB_orth1,42,logits,ODIN_T10_e0,AUPR_OUT,0.2605281592805214,unsupervised,5067,2298,8
runB_orth1,42,logits,ODIN_T10_e0,FPR95,0.9546082494572725,unsupervised,5067,2298,8
runB_orth1,42,logits,ODIN_T100_e0,AUROC,0.41643422868118996,unsupervised,5067,2298,8
runB_orth1,42,logits,ODIN_T100_e0,AUPR_IN,0.6499817506258186,unsupervised,5067,2298,8
runB_orth1,42,logits,ODIN_T100_e0,AUPR_OUT,0.2598640269826138,unsupervised,5067,2298,8
runB_orth1,42,logits,ODIN_T100_e0,FPR95,0.9530294059601342,unsupervised,5067,2298,8
runB_orth1,42,logits,ODIN_T1_e0014,AUROC,0.5192820470276193,unsupervised,5067,2298,8
runB_orth1,42,logits,ODIN_T1_e0014,AUPR_IN,0.7197172187154988,unsupervised,5067,2298,8
runB_orth1,42,logits,ODIN_T1_e0014,AUPR_OUT,0.30643120677886304,unsupervised,5067,2298,8
runB_orth1,42,logits,ODIN_T1_e0014,FPR95,0.9190842707716598,unsupervised,5067,2298,8
runB_orth1,42,logits,ODIN_T10_e0014,AUROC,0.5568501316475847,unsupervised,5067,2298,8
runB_orth1,42,logits,ODIN_T10_e0014,AUPR_IN,0.7307259445872623,unsupervised,5067,2298,8
runB_orth1,42,logits,ODIN_T10_e0014,AUPR_OUT,0.3275736916479642,unsupervised,5067,2298,8
runB_orth1,42,logits,ODIN_T10_e0014,FPR95,0.9344779948687586,unsupervised,5067,2298,8
runB_orth1,42,logits,ODIN_T100_e0014,AUROC,0.560571501153473,unsupervised,5067,2298,8
runB_orth1,42,logits,ODIN_T100_e0014,AUPR_IN,0.7314075646729038,unsupervised,5067,2298,8
runB_orth1,42,logits,ODIN_T100_e0014,AUPR_OUT,0.33057390030223094,unsupervised,5067,2298,8
runB_orth1,42,logits,ODIN_T100_e0014,FPR95,0.9348727057430433,unsupervised,5067,2298,8
runB_orth1,42,logits,cosine_max,AUROC,0.4098903243104626,unsupervised,5067,2298,8
runB_orth1,42,logits,cosine_max,AUPR_IN,0.6156376772484478,unsupervised,5067,2298,8
runB_orth1,42,logits,cosine_max,AUPR_OUT,0.27275459394679047,unsupervised,5067,2298,8
runB_orth1,42,logits,cosine_max,FPR95,0.9842115650286165,unsupervised,5067,2298,8
runB_orth1,42,logits,mahalanobis_classcond,AUROC,0.4027378644011843,unsupervised,5067,2298,8
runB_orth1,42,logits,mahalanobis_classcond,AUPR_IN,0.6043842086406377,unsupervised,5067,2298,8
runB_orth1,42,logits,mahalanobis_classcond,AUPR_OUT,0.28130328120866455,unsupervised,5067,2298,8
runB_orth1,42,logits,mahalanobis_classcond,FPR95,0.9901322281428854,unsupervised,5067,2298,8
runB_orth1,42,logits,mahalanobis_agnostic,AUROC,0.3991305024422091,unsupervised,5067,2298,8
runB_orth1,42,logits,mahalanobis_agnostic,AUPR_IN,0.6107427768933122,unsupervised,5067,2298,8
runB_orth1,42,logits,mahalanobis_agnostic,AUPR_OUT,0.2732071598897826,unsupervised,5067,2298,8
runB_orth1,42,logits,mahalanobis_agnostic,FPR95,0.9778961910400632,unsupervised,5067,2298,8
runB_orth1,42,logits,knn_k50,AUROC,0.4099734574972136,unsupervised,5067,2298,8
runB_orth1,42,logits,knn_k50,AUPR_IN,0.6355873861694445,unsupervised,5067,2298,8
runB_orth1,42,logits,knn_k50,AUPR_OUT,0.2706304441514732,unsupervised,5067,2298,8
runB_orth1,42,logits,knn_k50,FPR95,0.9601342016972567,unsupervised,5067,2298,8
runB_orth1,42,z_context,context_predictor_softmax,AUROC,1.0,domain-supervised,5067,2298,2
runB_orth1,42,z_context,context_predictor_softmax,AUPR_IN,1.0,domain-supervised,5067,2298,2
runB_orth1,42,z_context,context_predictor_softmax,AUPR_OUT,1.0,domain-supervised,5067,2298,2
runB_orth1,42,z_context,context_predictor_softmax,FPR95,0.0,domain-supervised,5067,2298,2
runB_orth1,52,z_lesion,cosine_max,AUROC,0.4042337464743542,unsupervised,5067,2298,16
runB_orth1,52,z_lesion,cosine_max,AUPR_IN,0.6180180677986868,unsupervised,5067,2298,16
runB_orth1,52,z_lesion,cosine_max,AUPR_OUT,0.2667985572846179,unsupervised,5067,2298,16
runB_orth1,52,z_lesion,cosine_max,FPR95,0.9775014801657785,unsupervised,5067,2298,16
runB_orth1,52,z_lesion,mahalanobis_agnostic,AUROC,0.4093967639548243,unsupervised,5067,2298,16
runB_orth1,52,z_lesion,mahalanobis_agnostic,AUPR_IN,0.6206037121771599,unsupervised,5067,2298,16
runB_orth1,52,z_lesion,mahalanobis_agnostic,AUPR_OUT,0.2716509615156699,unsupervised,5067,2298,16
runB_orth1,52,z_lesion,mahalanobis_agnostic,FPR95,0.9778961910400632,unsupervised,5067,2298,16
runB_orth1,52,z_lesion,knn_k50,AUROC,0.3931030887585897,unsupervised,5067,2298,16
runB_orth1,52,z_lesion,knn_k50,AUPR_IN,0.6065818874861051,unsupervised,5067,2298,16
runB_orth1,52,z_lesion,knn_k50,AUPR_OUT,0.2660754100665788,unsupervised,5067,2298,16
runB_orth1,52,z_lesion,knn_k50,FPR95,0.9848036313400435,unsupervised,5067,2298,16
runB_orth1,52,z_lesion,mahalanobis_classcond,AUROC,0.4035217897407121,unsupervised,5067,2298,16
runB_orth1,52,z_lesion,mahalanobis_classcond,AUPR_IN,0.6109294102402343,unsupervised,5067,2298,16
runB_orth1,52,z_lesion,mahalanobis_classcond,AUPR_OUT,0.27659677523622933,unsupervised,5067,2298,16
runB_orth1,52,z_lesion,mahalanobis_classcond,FPR95,0.9861851194000395,unsupervised,5067,2298,16
runB_orth1,52,z_context,cosine_max,AUROC,0.9998386288658007,domain-supervised,5067,2298,64
runB_orth1,52,z_context,cosine_max,AUPR_IN,0.9999463950875194,domain-supervised,5067,2298,64
runB_orth1,52,z_context,cosine_max,AUPR_OUT,0.999270639209731,domain-supervised,5067,2298,64
runB_orth1,52,z_context,cosine_max,FPR95,0.00019735543714229328,domain-supervised,5067,2298,64
runB_orth1,52,z_context,mahalanobis_agnostic,AUROC,0.9999989694233048,domain-supervised,5067,2298,64
runB_orth1,52,z_context,mahalanobis_agnostic,AUPR_IN,0.9999995337142655,domain-supervised,5067,2298,64
runB_orth1,52,z_context,mahalanobis_agnostic,AUPR_OUT,0.9999977231550272,domain-supervised,5067,2298,64
runB_orth1,52,z_context,mahalanobis_agnostic,FPR95,0.0,domain-supervised,5067,2298,64
runB_orth1,52,z_context,knn_k50,AUROC,0.9999993129488698,domain-supervised,5067,2298,64
runB_orth1,52,z_context,knn_k50,AUPR_IN,0.9999996885755646,domain-supervised,5067,2298,64
runB_orth1,52,z_context,knn_k50,AUPR_OUT,0.9999984859004155,domain-supervised,5067,2298,64
runB_orth1,52,z_context,knn_k50,FPR95,0.0,domain-supervised,5067,2298,64
runB_orth1,52,z_context,mahalanobis_classcond,AUROC,0.9999989694233048,domain-supervised,5067,2298,64
runB_orth1,52,z_context,mahalanobis_classcond,AUPR_IN,0.9999995337142655,domain-supervised,5067,2298,64
runB_orth1,52,z_context,mahalanobis_classcond,AUPR_OUT,0.9999977231550272,domain-supervised,5067,2298,64
runB_orth1,52,z_context,mahalanobis_classcond,FPR95,0.0,domain-supervised,5067,2298,64
runB_orth1,52,concat_z,cosine_max,AUROC,0.9999681380038382,unsupervised,5067,2298,80
runB_orth1,52,concat_z,cosine_max,AUPR_IN,0.9999861061328903,unsupervised,5067,2298,80
runB_orth1,52,concat_z,cosine_max,AUPR_OUT,0.9999264844344915,unsupervised,5067,2298,80
runB_orth1,52,concat_z,cosine_max,FPR95,0.00039471087428458656,unsupervised,5067,2298,80
runB_orth1,52,concat_z,mahalanobis_agnostic,AUROC,0.999999055304696,unsupervised,5067,2298,80
runB_orth1,52,concat_z,mahalanobis_agnostic,AUPR_IN,0.9999995724872374,unsupervised,5067,2298,80
runB_orth1,52,concat_z,mahalanobis_agnostic,AUPR_OUT,0.9999979133477761,unsupervised,5067,2298,80
runB_orth1,52,concat_z,mahalanobis_agnostic,FPR95,0.0,unsupervised,5067,2298,80
runB_orth1,52,concat_z,knn_k50,AUROC,0.9999040704859496,unsupervised,5067,2298,80
runB_orth1,52,concat_z,knn_k50,AUPR_IN,0.999964288455822,unsupervised,5067,2298,80
runB_orth1,52,concat_z,knn_k50,AUPR_OUT,0.9997114822984722,unsupervised,5067,2298,80
runB_orth1,52,concat_z,knn_k50,FPR95,0.00019735543714229328,unsupervised,5067,2298,80
runB_orth1,52,concat_z,mahalanobis_classcond,AUROC,0.9999989694233048,unsupervised,5067,2298,80
runB_orth1,52,concat_z,mahalanobis_classcond,AUPR_IN,0.9999995337142655,unsupervised,5067,2298,80
runB_orth1,52,concat_z,mahalanobis_classcond,AUPR_OUT,0.9999977231550272,unsupervised,5067,2298,80
runB_orth1,52,concat_z,mahalanobis_classcond,FPR95,0.0,unsupervised,5067,2298,80
runB_orth1,52,backbone_raw_lesion,cosine_max,AUROC,0.4142683858747097,unsupervised,5067,2298,1536
runB_orth1,52,backbone_raw_lesion,cosine_max,AUPR_IN,0.6202287479174452,unsupervised,5067,2298,1536
runB_orth1,52,backbone_raw_lesion,cosine_max,AUPR_OUT,0.28244278987162746,unsupervised,5067,2298,1536
runB_orth1,52,backbone_raw_lesion,cosine_max,FPR95,0.9794750345372015,unsupervised,5067,2298,1536
runB_orth1,52,backbone_raw_lesion,mahalanobis_agnostic,AUROC,0.4684353252147936,unsupervised,5067,2298,1536
runB_orth1,52,backbone_raw_lesion,mahalanobis_agnostic,AUPR_IN,0.6535662887580234,unsupervised,5067,2298,1536
runB_orth1,52,backbone_raw_lesion,mahalanobis_agnostic,AUPR_OUT,0.3455644904208013,unsupervised,5067,2298,1536
runB_orth1,52,backbone_raw_lesion,mahalanobis_agnostic,FPR95,0.9678310637458062,unsupervised,5067,2298,1536
runB_orth1,52,backbone_raw_lesion,knn_k50,AUROC,0.4634262930688736,unsupervised,5067,2298,1536
runB_orth1,52,backbone_raw_lesion,knn_k50,AUPR_IN,0.6533645359481255,unsupervised,5067,2298,1536
runB_orth1,52,backbone_raw_lesion,knn_k50,AUPR_OUT,0.3530457695315593,unsupervised,5067,2298,1536
runB_orth1,52,backbone_raw_lesion,knn_k50,FPR95,0.9628971778172488,unsupervised,5067,2298,1536
runB_orth1,52,backbone_raw_lesion,mahalanobis_classcond,AUROC,0.4678877884047411,unsupervised,5067,2298,1536
runB_orth1,52,backbone_raw_lesion,mahalanobis_classcond,AUPR_IN,0.6533983745222471,unsupervised,5067,2298,1536
runB_orth1,52,backbone_raw_lesion,mahalanobis_classcond,AUPR_OUT,0.3451849929719085,unsupervised,5067,2298,1536
runB_orth1,52,backbone_raw_lesion,mahalanobis_classcond,FPR95,0.9676337083086639,unsupervised,5067,2298,1536
runB_orth1,52,backbone_raw_context,cosine_max,AUROC,0.9997514592536597,domain-supervised,5067,2298,1536
runB_orth1,52,backbone_raw_context,cosine_max,AUPR_IN,0.9999174048084847,domain-supervised,5067,2298,1536
runB_orth1,52,backbone_raw_context,cosine_max,AUPR_OUT,0.9969046425850814,domain-supervised,5067,2298,1536
runB_orth1,52,backbone_raw_context,cosine_max,FPR95,0.00039471087428458656,domain-supervised,5067,2298,1536
runB_orth1,52,backbone_raw_context,mahalanobis_agnostic,AUROC,0.9999995705930437,domain-supervised,5067,2298,1536
runB_orth1,52,backbone_raw_context,mahalanobis_agnostic,AUPR_IN,0.9999998053386683,domain-supervised,5067,2298,1536
runB_orth1,52,backbone_raw_context,mahalanobis_agnostic,AUPR_OUT,0.9999990535861061,domain-supervised,5067,2298,1536
runB_orth1,52,backbone_raw_context,mahalanobis_agnostic,FPR95,0.0,domain-supervised,5067,2298,1536
runB_orth1,52,backbone_raw_context,knn_k50,AUROC,0.9999067328090789,domain-supervised,5067,2298,1536
runB_orth1,52,backbone_raw_context,knn_k50,AUPR_IN,0.9999621562490612,domain-supervised,5067,2298,1536
runB_orth1,52,backbone_raw_context,knn_k50,AUPR_OUT,0.9997610919126347,domain-supervised,5067,2298,1536
runB_orth1,52,backbone_raw_context,knn_k50,FPR95,0.00039471087428458656,domain-supervised,5067,2298,1536
runB_orth1,52,backbone_raw_context,mahalanobis_classcond,AUROC,0.9999995705930437,domain-supervised,5067,2298,1536
runB_orth1,52,backbone_raw_context,mahalanobis_classcond,AUPR_IN,0.9999998053386683,domain-supervised,5067,2298,1536
runB_orth1,52,backbone_raw_context,mahalanobis_classcond,AUPR_OUT,0.9999990535861061,domain-supervised,5067,2298,1536
runB_orth1,52,backbone_raw_context,mahalanobis_classcond,FPR95,0.0,domain-supervised,5067,2298,1536
runB_orth1,52,logits,MSP,AUROC,0.38510826122302316,unsupervised,5067,2298,8
runB_orth1,52,logits,MSP,AUPR_IN,0.6193131874118972,unsupervised,5067,2298,8
runB_orth1,52,logits,MSP,AUPR_OUT,0.2558077096345438,unsupervised,5067,2298,8
runB_orth1,52,logits,MSP,FPR95,0.9619104006315374,unsupervised,5067,2298,8
runB_orth1,52,logits,Energy_T1,AUROC,0.3962873989841606,unsupervised,5067,2298,8
runB_orth1,52,logits,Energy_T1,AUPR_IN,0.6405342946339441,unsupervised,5067,2298,8
runB_orth1,52,logits,Energy_T1,AUPR_OUT,0.25278313147062753,unsupervised,5067,2298,8
runB_orth1,52,logits,Energy_T1,FPR95,0.9512532070258536,unsupervised,5067,2298,8
runB_orth1,52,logits,ODIN_T1_e0,AUROC,0.38510826122302316,unsupervised,5067,2298,8
runB_orth1,52,logits,ODIN_T1_e0,AUPR_IN,0.6193131874118972,unsupervised,5067,2298,8
runB_orth1,52,logits,ODIN_T1_e0,AUPR_OUT,0.2558077096345438,unsupervised,5067,2298,8
runB_orth1,52,logits,ODIN_T1_e0,FPR95,0.9619104006315374,unsupervised,5067,2298,8
runB_orth1,52,logits,ODIN_T10_e0,AUROC,0.381743685957173,unsupervised,5067,2298,8
runB_orth1,52,logits,ODIN_T10_e0,AUPR_IN,0.6247228685695758,unsupervised,5067,2298,8
runB_orth1,52,logits,ODIN_T10_e0,AUPR_OUT,0.2501180359186894,unsupervised,5067,2298,8
runB_orth1,52,logits,ODIN_T10_e0,FPR95,0.9599368462601144,unsupervised,5067,2298,8
runB_orth1,52,logits,ODIN_T100_e0,AUROC,0.38226636010445236,unsupervised,5067,2298,8
runB_orth1,52,logits,ODIN_T100_e0,AUPR_IN,0.6263167058121933,unsupervised,5067,2298,8
runB_orth1,52,logits,ODIN_T100_e0,AUPR_OUT,0.249867450554615,unsupervised,5067,2298,8
runB_orth1,52,logits,ODIN_T100_e0,FPR95,0.9585553582001184,unsupervised,5067,2298,8
runB_orth1,52,logits,ODIN_T1_e0014,AUROC,0.5070204602108938,unsupervised,5067,2298,8
runB_orth1,52,logits,ODIN_T1_e0014,AUPR_IN,0.7034553375532301,unsupervised,5067,2298,8
runB_orth1,52,logits,ODIN_T1_e0014,AUPR_OUT,0.3277986262486968,unsupervised,5067,2298,8
runB_orth1,52,logits,ODIN_T1_e0014,FPR95,0.9317150187487665,unsupervised,5067,2298,8
runB_orth1,52,logits,ODIN_T10_e0014,AUROC,0.5322162569007844,unsupervised,5067,2298,8
runB_orth1,52,logits,ODIN_T10_e0014,AUPR_IN,0.7120597240317419,unsupervised,5067,2298,8
runB_orth1,52,logits,ODIN_T10_e0014,AUPR_OUT,0.3323054768132384,unsupervised,5067,2298,8
runB_orth1,52,logits,ODIN_T10_e0014,FPR95,0.9352674166173278,unsupervised,5067,2298,8
runB_orth1,52,logits,ODIN_T100_e0014,AUROC,0.5344445784194148,unsupervised,5067,2298,8
runB_orth1,52,logits,ODIN_T100_e0014,AUPR_IN,0.7129293965816874,unsupervised,5067,2298,8
runB_orth1,52,logits,ODIN_T100_e0014,AUPR_OUT,0.33385477037200684,unsupervised,5067,2298,8
runB_orth1,52,logits,ODIN_T100_e0014,FPR95,0.9380303927373199,unsupervised,5067,2298,8
runB_orth1,52,logits,cosine_max,AUROC,0.40731353904674744,unsupervised,5067,2298,8
runB_orth1,52,logits,cosine_max,AUPR_IN,0.619437260231819,unsupervised,5067,2298,8
runB_orth1,52,logits,cosine_max,AUPR_OUT,0.270666877987077,unsupervised,5067,2298,8
runB_orth1,52,logits,cosine_max,FPR95,0.9763173475429248,unsupervised,5067,2298,8
runB_orth1,52,logits,mahalanobis_classcond,AUROC,0.4082827534879439,unsupervised,5067,2298,8
runB_orth1,52,logits,mahalanobis_classcond,AUPR_IN,0.6167210462917687,unsupervised,5067,2298,8
runB_orth1,52,logits,mahalanobis_classcond,AUPR_OUT,0.2789509223791402,unsupervised,5067,2298,8
runB_orth1,52,logits,mahalanobis_classcond,FPR95,0.9767120584172094,unsupervised,5067,2298,8
runB_orth1,52,logits,mahalanobis_agnostic,AUROC,0.44087555734875905,unsupervised,5067,2298,8
runB_orth1,52,logits,mahalanobis_agnostic,AUPR_IN,0.6569196115315307,unsupervised,5067,2298,8
runB_orth1,52,logits,mahalanobis_agnostic,AUPR_OUT,0.2845793984939058,unsupervised,5067,2298,8
runB_orth1,52,logits,mahalanobis_agnostic,FPR95,0.948884941780146,unsupervised,5067,2298,8
runB_orth1,52,logits,knn_k50,AUROC,0.39247907456960973,unsupervised,5067,2298,8
runB_orth1,52,logits,knn_k50,AUPR_IN,0.6036185651684001,unsupervised,5067,2298,8
runB_orth1,52,logits,knn_k50,AUPR_OUT,0.26604106971122854,unsupervised,5067,2298,8
runB_orth1,52,logits,knn_k50,FPR95,0.9879613183343201,unsupervised,5067,2298,8
runB_orth1,52,z_context,context_predictor_softmax,AUROC,0.9999964359222623,domain-supervised,5067,2298,2
runB_orth1,52,z_context,context_predictor_softmax,AUPR_IN,0.9999983775830182,domain-supervised,5067,2298,2
runB_orth1,52,z_context,context_predictor_softmax,AUPR_OUT,0.9999919785378549,domain-supervised,5067,2298,2
runB_orth1,52,z_context,context_predictor_softmax,FPR95,0.0,domain-supervised,5067,2298,2
runB_orth1,62,z_lesion,cosine_max,AUROC,0.4390364073546762,unsupervised,5067,2298,16
runB_orth1,62,z_lesion,cosine_max,AUPR_IN,0.6355983943729313,unsupervised,5067,2298,16
runB_orth1,62,z_lesion,cosine_max,AUPR_OUT,0.28684489109793454,unsupervised,5067,2298,16
runB_orth1,62,z_lesion,cosine_max,FPR95,0.9776988356029208,unsupervised,5067,2298,16
runB_orth1,62,z_lesion,mahalanobis_agnostic,AUROC,0.4434693471279459,unsupervised,5067,2298,16
runB_orth1,62,z_lesion,mahalanobis_agnostic,AUPR_IN,0.6325680305017085,unsupervised,5067,2298,16
runB_orth1,62,z_lesion,mahalanobis_agnostic,AUPR_OUT,0.31030388042228757,unsupervised,5067,2298,16
runB_orth1,62,z_lesion,mahalanobis_agnostic,FPR95,0.9806591671600553,unsupervised,5067,2298,16
runB_orth1,62,z_lesion,knn_k50,AUROC,0.4383647289935405,unsupervised,5067,2298,16
runB_orth1,62,z_lesion,knn_k50,AUPR_IN,0.6602574154199329,unsupervised,5067,2298,16
runB_orth1,62,z_lesion,knn_k50,AUPR_OUT,0.29246040997690625,unsupervised,5067,2298,16
runB_orth1,62,z_lesion,knn_k50,FPR95,0.9400039471087428,unsupervised,5067,2298,16
runB_orth1,62,z_lesion,mahalanobis_classcond,AUROC,0.44139677151238677,unsupervised,5067,2298,16
runB_orth1,62,z_lesion,mahalanobis_classcond,AUPR_IN,0.6376289751001121,unsupervised,5067,2298,16
runB_orth1,62,z_lesion,mahalanobis_classcond,AUPR_OUT,0.3228912570494811,unsupervised,5067,2298,16
runB_orth1,62,z_lesion,mahalanobis_classcond,FPR95,0.9707913953029406,unsupervised,5067,2298,16
runB_orth1,62,z_context,cosine_max,AUROC,0.9992104064886483,domain-supervised,5067,2298,64
runB_orth1,62,z_context,cosine_max,AUPR_IN,0.9997534158448617,domain-supervised,5067,2298,64
runB_orth1,62,z_context,cosine_max,AUPR_OUT,0.9894097022919978,domain-supervised,5067,2298,64
runB_orth1,62,z_context,cosine_max,FPR95,0.0007894217485691731,domain-supervised,5067,2298,64
runB_orth1,62,z_context,mahalanobis_agnostic,AUROC,0.9999988835419135,domain-supervised,5067,2298,64
runB_orth1,62,z_context,mahalanobis_agnostic,AUPR_IN,0.9999994936451982,domain-supervised,5067,2298,64
runB_orth1,62,z_context,mahalanobis_agnostic,AUPR_OUT,0.999997543755828,domain-supervised,5067,2298,64
runB_orth1,62,z_context,mahalanobis_agnostic,FPR95,0.0,domain-supervised,5067,2298,64
runB_orth1,62,z_context,knn_k50,AUROC,0.9992108358956047,domain-supervised,5067,2298,64
runB_orth1,62,z_context,knn_k50,AUPR_IN,0.9997535695988694,domain-supervised,5067,2298,64
runB_orth1,62,z_context,knn_k50,AUPR_OUT,0.9894952252226233,domain-supervised,5067,2298,64
runB_orth1,62,z_context,knn_k50,FPR95,0.0007894217485691731,domain-supervised,5067,2298,64
runB_orth1,62,z_context,mahalanobis_classcond,AUROC,0.9999988835419135,domain-supervised,5067,2298,64
runB_orth1,62,z_context,mahalanobis_classcond,AUPR_IN,0.9999994936451982,domain-supervised,5067,2298,64
runB_orth1,62,z_context,mahalanobis_classcond,AUPR_OUT,0.999997543755828,domain-supervised,5067,2298,64
runB_orth1,62,z_context,mahalanobis_classcond,FPR95,0.0,domain-supervised,5067,2298,64
runB_orth1,62,concat_z,cosine_max,AUROC,0.9992117805909086,unsupervised,5067,2298,80
runB_orth1,62,concat_z,cosine_max,AUPR_IN,0.9997534657252628,unsupervised,5067,2298,80
runB_orth1,62,concat_z,cosine_max,AUPR_OUT,0.9909038204457282,unsupervised,5067,2298,80
runB_orth1,62,concat_z,cosine_max,FPR95,0.0007894217485691731,unsupervised,5067,2298,80
runB_orth1,62,concat_z,mahalanobis_agnostic,AUROC,0.9999988835419135,unsupervised,5067,2298,80
runB_orth1,62,concat_z,mahalanobis_agnostic,AUPR_IN,0.9999994936451982,unsupervised,5067,2298,80
runB_orth1,62,concat_z,mahalanobis_agnostic,AUPR_OUT,0.999997543755828,unsupervised,5067,2298,80
runB_orth1,62,concat_z,mahalanobis_agnostic,FPR95,0.0,unsupervised,5067,2298,80
runB_orth1,62,concat_z,knn_k50,AUROC,0.9995942963076326,unsupervised,5067,2298,80
runB_orth1,62,concat_z,knn_k50,AUPR_IN,0.9998704766635237,unsupervised,5067,2298,80
runB_orth1,62,concat_z,knn_k50,AUPR_OUT,0.9963185622314408,unsupervised,5067,2298,80
runB_orth1,62,concat_z,knn_k50,FPR95,0.0005920663114268798,unsupervised,5067,2298,80
runB_orth1,62,concat_z,mahalanobis_classcond,AUROC,0.9999987976605222,unsupervised,5067,2298,80
runB_orth1,62,concat_z,mahalanobis_classcond,AUPR_IN,0.9999994546421473,unsupervised,5067,2298,80
runB_orth1,62,concat_z,mahalanobis_classcond,AUPR_OUT,0.9999973557838537,unsupervised,5067,2298,80
runB_orth1,62,concat_z,mahalanobis_classcond,FPR95,0.0,unsupervised,5067,2298,80
runB_orth1,62,backbone_raw_lesion,cosine_max,AUROC,0.463629059033666,unsupervised,5067,2298,1536
runB_orth1,62,backbone_raw_lesion,cosine_max,AUPR_IN,0.667949555651113,unsupervised,5067,2298,1536
runB_orth1,62,backbone_raw_lesion,cosine_max,AUPR_OUT,0.31407960781846284,unsupervised,5067,2298,1536
runB_orth1,62,backbone_raw_lesion,cosine_max,FPR95,0.9506611407144266,unsupervised,5067,2298,1536
runB_orth1,62,backbone_raw_lesion,mahalanobis_agnostic,AUROC,0.5039891047431777,unsupervised,5067,2298,1536
runB_orth1,62,backbone_raw_lesion,mahalanobis_agnostic,AUPR_IN,0.6720419734189823,unsupervised,5067,2298,1536
runB_orth1,62,backbone_raw_lesion,mahalanobis_agnostic,AUPR_OUT,0.4093469699450097,unsupervised,5067,2298,1536
runB_orth1,62,backbone_raw_lesion,mahalanobis_agnostic,FPR95,0.9581606473258338,unsupervised,5067,2298,1536
runB_orth1,62,backbone_raw_lesion,knn_k50,AUROC,0.5086828663017395,unsupervised,5067,2298,1536
runB_orth1,62,backbone_raw_lesion,knn_k50,AUPR_IN,0.6764845861993483,unsupervised,5067,2298,1536
runB_orth1,62,backbone_raw_lesion,knn_k50,AUPR_OUT,0.39673835391503476,unsupervised,5067,2298,1536
runB_orth1,62,backbone_raw_lesion,knn_k50,FPR95,0.9585553582001184,unsupervised,5067,2298,1536
runB_orth1,62,backbone_raw_lesion,mahalanobis_classcond,AUROC,0.5033656917239366,unsupervised,5067,2298,1536
runB_orth1,62,backbone_raw_lesion,mahalanobis_classcond,AUPR_IN,0.6718578353304168,unsupervised,5067,2298,1536
runB_orth1,62,backbone_raw_lesion,mahalanobis_classcond,AUPR_OUT,0.4087003633131199,unsupervised,5067,2298,1536
runB_orth1,62,backbone_raw_lesion,mahalanobis_classcond,FPR95,0.9581606473258338,unsupervised,5067,2298,1536
runB_orth1,62,backbone_raw_context,cosine_max,AUROC,0.9997323077034062,domain-supervised,5067,2298,1536
runB_orth1,62,backbone_raw_context,cosine_max,AUPR_IN,0.9999086151480088,domain-supervised,5067,2298,1536
runB_orth1,62,backbone_raw_context,cosine_max,AUPR_OUT,0.9979402793567731,domain-supervised,5067,2298,1536
runB_orth1,62,backbone_raw_context,cosine_max,FPR95,0.0005920663114268798,domain-supervised,5067,2298,1536
runB_orth1,62,backbone_raw_context,mahalanobis_agnostic,AUROC,0.9999994847116523,domain-supervised,5067,2298,1536
runB_orth1,62,backbone_raw_context,mahalanobis_agnostic,AUPR_IN,0.9999997662895815,domain-supervised,5067,2298,1536
runB_orth1,62,backbone_raw_context,mahalanobis_agnostic,AUPR_OUT,0.9999988658650096,domain-supervised,5067,2298,1536
runB_orth1,62,backbone_raw_context,mahalanobis_agnostic,FPR95,0.0,domain-supervised,5067,2298,1536
runB_orth1,62,backbone_raw_context,knn_k50,AUROC,0.9999986258977396,domain-supervised,5067,2298,1536
runB_orth1,62,backbone_raw_context,knn_k50,AUPR_IN,0.9999993773507294,domain-supervised,5067,2298,1536
runB_orth1,62,backbone_raw_context,knn_k50,AUPR_OUT,0.9999969709777146,domain-supervised,5067,2298,1536
runB_orth1,62,backbone_raw_context,knn_k50,FPR95,0.0,domain-supervised,5067,2298,1536
runB_orth1,62,backbone_raw_context,mahalanobis_classcond,AUROC,0.9999994847116523,domain-supervised,5067,2298,1536
runB_orth1,62,backbone_raw_context,mahalanobis_classcond,AUPR_IN,0.9999997662895815,domain-supervised,5067,2298,1536
runB_orth1,62,backbone_raw_context,mahalanobis_classcond,AUPR_OUT,0.9999988658650096,domain-supervised,5067,2298,1536
runB_orth1,62,backbone_raw_context,mahalanobis_classcond,FPR95,0.0,domain-supervised,5067,2298,1536
runB_orth1,62,logits,MSP,AUROC,0.4451010935621076,unsupervised,5067,2298,8
runB_orth1,62,logits,MSP,AUPR_IN,0.6655036484611501,unsupervised,5067,2298,8
runB_orth1,62,logits,MSP,AUPR_OUT,0.2770721847342613,unsupervised,5067,2298,8
runB_orth1,62,logits,MSP,FPR95,0.9443457667258733,unsupervised,5067,2298,8
runB_orth1,62,logits,Energy_T1,AUROC,0.4283726867632558,unsupervised,5067,2298,8
runB_orth1,62,logits,Energy_T1,AUPR_IN,0.6593086842481087,unsupervised,5067,2298,8
runB_orth1,62,logits,Energy_T1,AUPR_OUT,0.26094310307844737,unsupervised,5067,2298,8
runB_orth1,62,logits,Energy_T1,FPR95,0.9553976712058417,unsupervised,5067,2298,8
runB_orth1,62,logits,ODIN_T1_e0,AUROC,0.4451010935621076,unsupervised,5067,2298,8
runB_orth1,62,logits,ODIN_T1_e0,AUPR_IN,0.6655036484611501,unsupervised,5067,2298,8
runB_orth1,62,logits,ODIN_T1_e0,AUPR_OUT,0.2770721847342613,unsupervised,5067,2298,8
runB_orth1,62,logits,ODIN_T1_e0,FPR95,0.9443457667258733,unsupervised,5067,2298,8
runB_orth1,62,logits,ODIN_T10_e0,AUROC,0.4149705091890513,unsupervised,5067,2298,8
runB_orth1,62,logits,ODIN_T10_e0,AUPR_IN,0.6497551611522319,unsupervised,5067,2298,8
runB_orth1,62,logits,ODIN_T10_e0,AUPR_OUT,0.25753003334956676,unsupervised,5067,2298,8
runB_orth1,62,logits,ODIN_T10_e0,FPR95,0.9601342016972567,unsupervised,5067,2298,8
runB_orth1,62,logits,ODIN_T100_e0,AUROC,0.41195598647402437,unsupervised,5067,2298,8
runB_orth1,62,logits,ODIN_T100_e0,AUPR_IN,0.6483612783582168,unsupervised,5067,2298,8
runB_orth1,62,logits,ODIN_T100_e0,AUPR_OUT,0.2558369041145152,unsupervised,5067,2298,8
runB_orth1,62,logits,ODIN_T100_e0,FPR95,0.9630945332543912,unsupervised,5067,2298,8
runB_orth1,62,logits,ODIN_T1_e0014,AUROC,0.5446592681565714,unsupervised,5067,2298,8
runB_orth1,62,logits,ODIN_T1_e0014,AUPR_IN,0.7141661467784255,unsupervised,5067,2298,8
runB_orth1,62,logits,ODIN_T1_e0014,AUPR_OUT,0.3360085485967589,unsupervised,5067,2298,8
runB_orth1,62,logits,ODIN_T1_e0014,FPR95,0.9494770080915729,unsupervised,5067,2298,8
runB_orth1,62,logits,ODIN_T10_e0014,AUROC,0.5460133171120561,unsupervised,5067,2298,8
runB_orth1,62,logits,ODIN_T10_e0014,AUPR_IN,0.7043418858399466,unsupervised,5067,2298,8
runB_orth1,62,logits,ODIN_T10_e0014,AUPR_OUT,0.336986686685149,unsupervised,5067,2298,8
runB_orth1,62,logits,ODIN_T10_e0014,FPR95,0.9589500690744029,unsupervised,5067,2298,8
runB_orth1,62,logits,ODIN_T100_e0014,AUROC,0.5455553545931,unsupervised,5067,2298,8
runB_orth1,62,logits,ODIN_T100_e0014,AUPR_IN,0.7029111143101144,unsupervised,5067,2298,8
runB_orth1,62,logits,ODIN_T100_e0014,AUPR_OUT,0.33727063040761956,unsupervised,5067,2298,8
runB_orth1,62,logits,ODIN_T100_e0014,FPR95,0.9595421353858299,unsupervised,5067,2298,8
runB_orth1,62,logits,cosine_max,AUROC,0.4370309909870915,unsupervised,5067,2298,8
runB_orth1,62,logits,cosine_max,AUPR_IN,0.633028834907961,unsupervised,5067,2298,8
runB_orth1,62,logits,cosine_max,AUPR_OUT,0.28750761362022,unsupervised,5067,2298,8
runB_orth1,62,logits,cosine_max,FPR95,0.9810538780343399,unsupervised,5067,2298,8
runB_orth1,62,logits,mahalanobis_classcond,AUROC,0.44508735253950416,unsupervised,5067,2298,8
runB_orth1,62,logits,mahalanobis_classcond,AUPR_IN,0.6345293085267546,unsupervised,5067,2298,8
runB_orth1,62,logits,mahalanobis_classcond,AUPR_OUT,0.3141845392179036,unsupervised,5067,2298,8
runB_orth1,62,logits,mahalanobis_classcond,FPR95,0.9773041247286363,unsupervised,5067,2298,8
runB_orth1,62,logits,mahalanobis_agnostic,AUROC,0.45590557375382235,unsupervised,5067,2298,8
runB_orth1,62,logits,mahalanobis_agnostic,AUPR_IN,0.6396532063689921,unsupervised,5067,2298,8
runB_orth1,62,logits,mahalanobis_agnostic,AUPR_OUT,0.306355343428017,unsupervised,5067,2298,8
runB_orth1,62,logits,mahalanobis_agnostic,FPR95,0.9790803236629169,unsupervised,5067,2298,8
runB_orth1,62,logits,knn_k50,AUROC,0.43686163288350377,unsupervised,5067,2298,8
runB_orth1,62,logits,knn_k50,AUPR_IN,0.6587222056372777,unsupervised,5067,2298,8
runB_orth1,62,logits,knn_k50,AUPR_OUT,0.2903020759926144,unsupervised,5067,2298,8
runB_orth1,62,logits,knn_k50,FPR95,0.9403986579830275,unsupervised,5067,2298,8
runB_orth1,62,z_context,context_predictor_softmax,AUROC,0.9999992270674785,domain-supervised,5067,2298,2
runB_orth1,62,z_context,context_predictor_softmax,AUPR_IN,0.9999996494651379,domain-supervised,5067,2298,2
runB_orth1,62,z_context,context_predictor_softmax,AUPR_OUT,0.9999982987572593,domain-supervised,5067,2298,2
runB_orth1,62,z_context,context_predictor_softmax,FPR95,0.0,domain-supervised,5067,2298,2
runB_orth1,72,z_lesion,cosine_max,AUROC,0.4043420429087478,unsupervised,5067,2298,16
runB_orth1,72,z_lesion,cosine_max,AUPR_IN,0.6106524306721284,unsupervised,5067,2298,16
runB_orth1,72,z_lesion,cosine_max,AUPR_OUT,0.2771890347019771,unsupervised,5067,2298,16
runB_orth1,72,z_lesion,cosine_max,FPR95,0.9850009867771857,unsupervised,5067,2298,16
runB_orth1,72,z_lesion,mahalanobis_agnostic,AUROC,0.429232960659624,unsupervised,5067,2298,16
runB_orth1,72,z_lesion,mahalanobis_agnostic,AUPR_IN,0.6450177880057131,unsupervised,5067,2298,16
runB_orth1,72,z_lesion,mahalanobis_agnostic,AUPR_OUT,0.28115652532322444,unsupervised,5067,2298,16
runB_orth1,72,z_lesion,mahalanobis_agnostic,FPR95,0.9591474245115453,unsupervised,5067,2298,16
runB_orth1,72,z_lesion,knn_k50,AUROC,0.40942201308385817,unsupervised,5067,2298,16
runB_orth1,72,z_lesion,knn_k50,AUPR_IN,0.6369373563617022,unsupervised,5067,2298,16
runB_orth1,72,z_lesion,knn_k50,AUPR_OUT,0.2795636994242098,unsupervised,5067,2298,16
runB_orth1,72,z_lesion,knn_k50,FPR95,0.9585553582001184,unsupervised,5067,2298,16
runB_orth1,72,z_lesion,mahalanobis_classcond,AUROC,0.4150782044537059,unsupervised,5067,2298,16
runB_orth1,72,z_lesion,mahalanobis_classcond,AUPR_IN,0.6287717404765015,unsupervised,5067,2298,16
runB_orth1,72,z_lesion,mahalanobis_classcond,AUPR_OUT,0.29403279645704683,unsupervised,5067,2298,16
runB_orth1,72,z_lesion,mahalanobis_classcond,FPR95,0.9692125518058022,unsupervised,5067,2298,16
runB_orth1,72,z_context,cosine_max,AUROC,0.9998771896104816,domain-supervised,5067,2298,64
runB_orth1,72,z_context,cosine_max,AUPR_IN,0.9999560407542162,domain-supervised,5067,2298,64
runB_orth1,72,z_context,cosine_max,AUPR_OUT,0.9995873026717002,domain-supervised,5067,2298,64
runB_orth1,72,z_context,cosine_max,FPR95,0.00019735543714229328,domain-supervised,5067,2298,64
runB_orth1,72,z_context,mahalanobis_agnostic,AUROC,0.999997165914088,domain-supervised,5067,2298,64
runB_orth1,72,z_context,mahalanobis_agnostic,AUPR_IN,0.9999987229942302,domain-supervised,5067,2298,64
runB_orth1,72,z_context,mahalanobis_agnostic,AUPR_OUT,0.999993709784,domain-supervised,5067,2298,64
runB_orth1,72,z_context,mahalanobis_agnostic,FPR95,0.0,domain-supervised,5067,2298,64
runB_orth1,72,z_context,knn_k50,AUROC,0.9999992270674786,domain-supervised,5067,2298,64
runB_orth1,72,z_context,knn_k50,AUPR_IN,0.9999996498259296,domain-supervised,5067,2298,64
runB_orth1,72,z_context,knn_k50,AUPR_OUT,0.9999982952166931,domain-supervised,5067,2298,64
runB_orth1,72,z_context,knn_k50,FPR95,0.0,domain-supervised,5067,2298,64
runB_orth1,72,z_context,mahalanobis_classcond,AUROC,0.9999970800326968,domain-supervised,5067,2298,64
runB_orth1,72,z_context,mahalanobis_classcond,AUPR_IN,0.9999986845550162,domain-supervised,5067,2298,64
runB_orth1,72,z_context,mahalanobis_classcond,AUPR_OUT,0.9999935177447196,domain-supervised,5067,2298,64
runB_orth1,72,z_context,mahalanobis_classcond,FPR95,0.0,domain-supervised,5067,2298,64
runB_orth1,72,concat_z,cosine_max,AUROC,0.9999762967360091,unsupervised,5067,2298,80
runB_orth1,72,concat_z,cosine_max,AUPR_IN,0.9999896616926107,unsupervised,5067,2298,80
runB_orth1,72,concat_z,cosine_max,AUPR_OUT,0.9999453047399783,unsupervised,5067,2298,80
runB_orth1,72,concat_z,cosine_max,FPR95,0.00019735543714229328,unsupervised,5067,2298,80
runB_orth1,72,concat_z,mahalanobis_agnostic,AUROC,0.9999969941513056,unsupervised,5067,2298,80
runB_orth1,72,concat_z,mahalanobis_agnostic,AUPR_IN,0.9999986461308703,unsupervised,5067,2298,80
runB_orth1,72,concat_z,mahalanobis_agnostic,AUPR_OUT,0.9999933256206535,unsupervised,5067,2298,80
runB_orth1,72,concat_z,mahalanobis_agnostic,FPR95,0.0,unsupervised,5067,2298,80
runB_orth1,72,concat_z,knn_k50,AUROC,0.9999676227154906,unsupervised,5067,2298,80
runB_orth1,72,concat_z,knn_k50,AUPR_IN,0.9999861947792028,unsupervised,5067,2298,80
runB_orth1,72,concat_z,knn_k50,AUPR_OUT,0.9999230622833049,unsupervised,5067,2298,80
runB_orth1,72,concat_z,knn_k50,FPR95,0.00019735543714229328,unsupervised,5067,2298,80
runB_orth1,72,concat_z,mahalanobis_classcond,AUROC,0.9999973376768706,unsupervised,5067,2298,80
runB_orth1,72,concat_z,mahalanobis_classcond,AUPR_IN,0.999998799917899,unsupervised,5067,2298,80
runB_orth1,72,concat_z,mahalanobis_classcond,AUPR_OUT,0.9999940936085033,unsupervised,5067,2298,80
runB_orth1,72,concat_z,mahalanobis_classcond,FPR95,0.0,unsupervised,5067,2298,80
runB_orth1,72,backbone_raw_lesion,cosine_max,AUROC,0.4155680289688239,unsupervised,5067,2298,1536
runB_orth1,72,backbone_raw_lesion,cosine_max,AUPR_IN,0.6265766371059995,unsupervised,5067,2298,1536
runB_orth1,72,backbone_raw_lesion,cosine_max,AUPR_OUT,0.2840475195762199,unsupervised,5067,2298,1536
runB_orth1,72,backbone_raw_lesion,cosine_max,FPR95,0.9776988356029208,unsupervised,5067,2298,1536
runB_orth1,72,backbone_raw_lesion,mahalanobis_agnostic,AUROC,0.45547109979537903,unsupervised,5067,2298,1536
runB_orth1,72,backbone_raw_lesion,mahalanobis_agnostic,AUPR_IN,0.6514063757960945,unsupervised,5067,2298,1536
runB_orth1,72,backbone_raw_lesion,mahalanobis_agnostic,AUPR_OUT,0.34670186762742494,unsupervised,5067,2298,1536
runB_orth1,72,backbone_raw_lesion,mahalanobis_agnostic,FPR95,0.9642786658772449,unsupervised,5067,2298,1536
runB_orth1,72,backbone_raw_lesion,knn_k50,AUROC,0.46265662404029695,unsupervised,5067,2298,1536
runB_orth1,72,backbone_raw_lesion,knn_k50,AUPR_IN,0.6561114150439992,unsupervised,5067,2298,1536
runB_orth1,72,backbone_raw_lesion,knn_k50,AUPR_OUT,0.35920828274630723,unsupervised,5067,2298,1536
runB_orth1,72,backbone_raw_lesion,knn_k50,FPR95,0.9621077560686797,unsupervised,5067,2298,1536
runB_orth1,72,backbone_raw_lesion,mahalanobis_classcond,AUROC,0.4551465110770678,unsupervised,5067,2298,1536
runB_orth1,72,backbone_raw_lesion,mahalanobis_classcond,AUPR_IN,0.651414935844677,unsupervised,5067,2298,1536
runB_orth1,72,backbone_raw_lesion,mahalanobis_classcond,AUPR_OUT,0.3464482232630526,unsupervised,5067,2298,1536
runB_orth1,72,backbone_raw_lesion,mahalanobis_classcond,FPR95,0.9644760213143873,unsupervised,5067,2298,1536
runB_orth1,72,backbone_raw_context,cosine_max,AUROC,0.999789762354167,domain-supervised,5067,2298,1536
runB_orth1,72,backbone_raw_context,cosine_max,AUPR_IN,0.9999327257185187,domain-supervised,5067,2298,1536
runB_orth1,72,backbone_raw_context,cosine_max,AUPR_OUT,0.9967864601036205,domain-supervised,5067,2298,1536
runB_orth1,72,backbone_raw_context,cosine_max,FPR95,0.00039471087428458656,domain-supervised,5067,2298,1536
runB_orth1,72,backbone_raw_context,mahalanobis_agnostic,AUROC,0.9999995705930437,domain-supervised,5067,2298,1536
runB_orth1,72,backbone_raw_context,mahalanobis_agnostic,AUPR_IN,0.9999998054461385,domain-supervised,5067,2298,1536
runB_orth1,72,backbone_raw_context,mahalanobis_agnostic,AUPR_OUT,0.9999990527619187,domain-supervised,5067,2298,1536
runB_orth1,72,backbone_raw_context,mahalanobis_agnostic,FPR95,0.0,domain-supervised,5067,2298,1536
runB_orth1,72,backbone_raw_context,knn_k50,AUROC,0.9998052210045958,domain-supervised,5067,2298,1536
runB_orth1,72,backbone_raw_context,knn_k50,AUPR_IN,0.9999388553607427,domain-supervised,5067,2298,1536
runB_orth1,72,backbone_raw_context,knn_k50,AUPR_OUT,0.9982077252374905,domain-supervised,5067,2298,1536
runB_orth1,72,backbone_raw_context,knn_k50,FPR95,0.00019735543714229328,domain-supervised,5067,2298,1536
runB_orth1,72,backbone_raw_context,mahalanobis_classcond,AUROC,0.9999995705930437,domain-supervised,5067,2298,1536
runB_orth1,72,backbone_raw_context,mahalanobis_classcond,AUPR_IN,0.9999998054461385,domain-supervised,5067,2298,1536
runB_orth1,72,backbone_raw_context,mahalanobis_classcond,AUPR_OUT,0.9999990527619187,domain-supervised,5067,2298,1536
runB_orth1,72,backbone_raw_context,mahalanobis_classcond,FPR95,0.0,domain-supervised,5067,2298,1536
runB_orth1,72,logits,MSP,AUROC,0.42464431792397883,unsupervised,5067,2298,8
runB_orth1,72,logits,MSP,AUPR_IN,0.6540832663678191,unsupervised,5067,2298,8
runB_orth1,72,logits,MSP,AUPR_OUT,0.2716091368051571,unsupervised,5067,2298,8
runB_orth1,72,logits,MSP,FPR95,0.9447404776001579,unsupervised,5067,2298,8
runB_orth1,72,logits,Energy_T1,AUROC,0.4249606190880324,unsupervised,5067,2298,8
runB_orth1,72,logits,Energy_T1,AUPR_IN,0.6615993482161975,unsupervised,5067,2298,8
runB_orth1,72,logits,Energy_T1,AUPR_OUT,0.2610746044137774,unsupervised,5067,2298,8
runB_orth1,72,logits,Energy_T1,FPR95,0.9431616341030196,unsupervised,5067,2298,8
runB_orth1,72,logits,ODIN_T1_e0,AUROC,0.42464427498328317,unsupervised,5067,2298,8
runB_orth1,72,logits,ODIN_T1_e0,AUPR_IN,0.6540831928741406,unsupervised,5067,2298,8
runB_orth1,72,logits,ODIN_T1_e0,AUPR_OUT,0.2716091141797235,unsupervised,5067,2298,8
runB_orth1,72,logits,ODIN_T1_e0,FPR95,0.9447404776001579,unsupervised,5067,2298,8
runB_orth1,72,logits,ODIN_T10_e0,AUROC,0.41826874108014395,unsupervised,5067,2298,8
runB_orth1,72,logits,ODIN_T10_e0,AUPR_IN,0.6580541338639883,unsupervised,5067,2298,8
runB_orth1,72,logits,ODIN_T10_e0,AUPR_OUT,0.25999915900860526,unsupervised,5067,2298,8
runB_orth1,72,logits,ODIN_T10_e0,FPR95,0.9453325439115847,unsupervised,5067,2298,8
runB_orth1,72,logits,ODIN_T100_e0,AUROC,0.4176731965723706,unsupervised,5067,2298,8
runB_orth1,72,logits,ODIN_T100_e0,AUPR_IN,0.6583027664629817,unsupervised,5067,2298,8
runB_orth1,72,logits,ODIN_T100_e0,AUPR_OUT,0.25903715671913274,unsupervised,5067,2298,8
runB_orth1,72,logits,ODIN_T100_e0,FPR95,0.9439510558515887,unsupervised,5067,2298,8
runB_orth1,72,logits,ODIN_T1_e0014,AUROC,0.5456034911129077,unsupervised,5067,2298,8
runB_orth1,72,logits,ODIN_T1_e0014,AUPR_IN,0.7315074599740707,unsupervised,5067,2298,8
runB_orth1,72,logits,ODIN_T1_e0014,AUPR_OUT,0.32674959833384565,unsupervised,5067,2298,8
runB_orth1,72,logits,ODIN_T1_e0014,FPR95,0.9171107164002368,unsupervised,5067,2298,8
runB_orth1,72,logits,ODIN_T10_e0014,AUROC,0.57448372831044,unsupervised,5067,2298,8
runB_orth1,72,logits,ODIN_T10_e0014,AUPR_IN,0.7374005726055388,unsupervised,5067,2298,8
runB_orth1,72,logits,ODIN_T10_e0014,AUPR_OUT,0.35082040661653596,unsupervised,5067,2298,8
runB_orth1,72,logits,ODIN_T10_e0014,FPR95,0.9291493980659167,unsupervised,5067,2298,8
runB_orth1,72,logits,ODIN_T100_e0014,AUROC,0.5766950023729029,unsupervised,5067,2298,8
runB_orth1,72,logits,ODIN_T100_e0014,AUPR_IN,0.7373763647865972,unsupervised,5067,2298,8
runB_orth1,72,logits,ODIN_T100_e0014,AUPR_OUT,0.3534056527352231,unsupervised,5067,2298,8
runB_orth1,72,logits,ODIN_T100_e0014,FPR95,0.9303335306887704,unsupervised,5067,2298,8
runB_orth1,72,logits,cosine_max,AUROC,0.3987761558218222,unsupervised,5067,2298,8
runB_orth1,72,logits,cosine_max,AUPR_IN,0.6089178106877137,unsupervised,5067,2298,8
runB_orth1,72,logits,cosine_max,AUPR_OUT,0.2742692612089239,unsupervised,5067,2298,8
runB_orth1,72,logits,cosine_max,FPR95,0.9846062759029012,unsupervised,5067,2298,8
runB_orth1,72,logits,mahalanobis_classcond,AUROC,0.4015798397212771,unsupervised,5067,2298,8
runB_orth1,72,logits,mahalanobis_classcond,AUPR_IN,0.607436864995103,unsupervised,5067,2298,8
runB_orth1,72,logits,mahalanobis_classcond,AUPR_OUT,0.2896454024074132,unsupervised,5067,2298,8
runB_orth1,72,logits,mahalanobis_classcond,FPR95,0.9893428063943162,unsupervised,5067,2298,8
runB_orth1,72,logits,mahalanobis_agnostic,AUROC,0.4179508940510476,unsupervised,5067,2298,8
runB_orth1,72,logits,mahalanobis_agnostic,AUPR_IN,0.6259356857827488,unsupervised,5067,2298,8
runB_orth1,72,logits,mahalanobis_agnostic,AUPR_OUT,0.27775285751428885,unsupervised,5067,2298,8
runB_orth1,72,logits,mahalanobis_agnostic,FPR95,0.9769094138543517,unsupervised,5067,2298,8
runB_orth1,72,logits,knn_k50,AUROC,0.40162132043326126,unsupervised,5067,2298,8
runB_orth1,72,logits,knn_k50,AUPR_IN,0.6275149257285775,unsupervised,5067,2298,8
runB_orth1,72,logits,knn_k50,AUPR_OUT,0.27405342895105483,unsupervised,5067,2298,8
runB_orth1,72,logits,knn_k50,FPR95,0.9666469311229524,unsupervised,5067,2298,8
runB_orth1,72,z_context,context_predictor_softmax,AUROC,0.9999994847116525,domain-supervised,5067,2298,2
runB_orth1,72,z_context,context_predictor_softmax,AUPR_IN,0.9999997665813871,domain-supervised,5067,2298,2
runB_orth1,72,z_context,context_predictor_softmax,AUPR_OUT,0.9999988630666226,domain-supervised,5067,2298,2
runB_orth1,72,z_context,context_predictor_softmax,FPR95,0.0,domain-supervised,5067,2298,2
runB_orth1,82,z_lesion,cosine_max,AUROC,0.4027759098575176,unsupervised,5067,2298,16
runB_orth1,82,z_lesion,cosine_max,AUPR_IN,0.6331543336552589,unsupervised,5067,2298,16
runB_orth1,82,z_lesion,cosine_max,AUPR_OUT,0.26473411279161724,unsupervised,5067,2298,16
runB_orth1,82,z_lesion,cosine_max,FPR95,0.9626998223801065,unsupervised,5067,2298,16
runB_orth1,82,z_lesion,mahalanobis_agnostic,AUROC,0.4252743438103478,unsupervised,5067,2298,16
runB_orth1,82,z_lesion,mahalanobis_agnostic,AUPR_IN,0.6354600391303968,unsupervised,5067,2298,16
runB_orth1,82,z_lesion,mahalanobis_agnostic,AUPR_OUT,0.2846376852630448,unsupervised,5067,2298,16
runB_orth1,82,z_lesion,mahalanobis_agnostic,FPR95,0.9660548648115256,unsupervised,5067,2298,16
runB_orth1,82,z_lesion,knn_k50,AUROC,0.40475581945189465,unsupervised,5067,2298,16
runB_orth1,82,z_lesion,knn_k50,AUPR_IN,0.6321246597175398,unsupervised,5067,2298,16
runB_orth1,82,z_lesion,knn_k50,AUPR_OUT,0.2708989621883878,unsupervised,5067,2298,16
runB_orth1,82,z_lesion,knn_k50,FPR95,0.9561870929544108,unsupervised,5067,2298,16
runB_orth1,82,z_lesion,mahalanobis_classcond,AUROC,0.4030630972299301,unsupervised,5067,2298,16
runB_orth1,82,z_lesion,mahalanobis_classcond,AUPR_IN,0.6209633342914215,unsupervised,5067,2298,16
runB_orth1,82,z_lesion,mahalanobis_classcond,AUPR_OUT,0.27982294257437457,unsupervised,5067,2298,16
runB_orth1,82,z_lesion,mahalanobis_classcond,FPR95,0.9717781724886521,unsupervised,5067,2298,16
runB_orth1,82,z_context,cosine_max,AUROC,0.9999896942330474,domain-supervised,5067,2298,64
runB_orth1,82,z_context,cosine_max,AUPR_IN,0.999995394952997,domain-supervised,5067,2298,64
runB_orth1,82,z_context,cosine_max,AUPR_OUT,0.9999769103366505,domain-supervised,5067,2298,64
runB_orth1,82,z_context,cosine_max,FPR95,0.0,domain-supervised,5067,2298,64
runB_orth1,82,z_context,mahalanobis_agnostic,AUROC,0.9999983682535659,domain-supervised,5067,2298,64
runB_orth1,82,z_context,mahalanobis_agnostic,AUPR_IN,0.9999992607025303,domain-supervised,5067,2298,64
runB_orth1,82,z_context,mahalanobis_agnostic,AUPR_OUT,0.9999964027947947,domain-supervised,5067,2298,64
runB_orth1,82,z_context,mahalanobis_agnostic,FPR95,0.0,domain-supervised,5067,2298,64
runB_orth1,82,z_context,knn_k50,AUROC,0.9999957918118276,domain-supervised,5067,2298,64
runB_orth1,82,z_context,knn_k50,AUPR_IN,0.9999980999625782,domain-supervised,5067,2298,64
runB_orth1,82,z_context,knn_k50,AUPR_OUT,0.9999906843046775,domain-supervised,5067,2298,64
runB_orth1,82,z_context,knn_k50,FPR95,0.0,domain-supervised,5067,2298,64
runB_orth1,82,z_context,mahalanobis_classcond,AUROC,0.9999983682535658,domain-supervised,5067,2298,64
runB_orth1,82,z_context,mahalanobis_classcond,AUPR_IN,0.9999992607025303,domain-supervised,5067,2298,64
runB_orth1,82,z_context,mahalanobis_classcond,AUPR_OUT,0.9999964027947947,domain-supervised,5067,2298,64
runB_orth1,82,z_context,mahalanobis_classcond,FPR95,0.0,domain-supervised,5067,2298,64
runB_orth1,82,concat_z,cosine_max,AUROC,0.9999795602288774,unsupervised,5067,2298,80
runB_orth1,82,concat_z,cosine_max,AUPR_IN,0.9999909420463999,unsupervised,5067,2298,80
runB_orth1,82,concat_z,cosine_max,AUPR_OUT,0.9999537565155505,unsupervised,5067,2298,80
runB_orth1,82,concat_z,cosine_max,FPR95,0.00019735543714229328,unsupervised,5067,2298,80
runB_orth1,82,concat_z,mahalanobis_agnostic,AUROC,0.9999982823721745,unsupervised,5067,2298,80
runB_orth1,82,concat_z,mahalanobis_agnostic,AUPR_IN,0.9999992218990015,unsupervised,5067,2298,80
runB_orth1,82,concat_z,mahalanobis_agnostic,AUPR_OUT,0.999996212768153,unsupervised,5067,2298,80
runB_orth1,82,concat_z,mahalanobis_agnostic,FPR95,0.0,unsupervised,5067,2298,80
runB_orth1,82,concat_z,knn_k50,AUROC,0.9999840260612235,unsupervised,5067,2298,80
runB_orth1,82,concat_z,knn_k50,AUPR_IN,0.9999929118449851,unsupervised,5067,2298,80
runB_orth1,82,concat_z,knn_k50,AUPR_OUT,0.9999639155533739,unsupervised,5067,2298,80
runB_orth1,82,concat_z,knn_k50,FPR95,0.00019735543714229328,unsupervised,5067,2298,80
runB_orth1,82,concat_z,mahalanobis_classcond,AUROC,0.9999981964907833,unsupervised,5067,2298,80
runB_orth1,82,concat_z,mahalanobis_classcond,AUPR_IN,0.9999991827734247,unsupervised,5067,2298,80
runB_orth1,82,concat_z,mahalanobis_classcond,AUPR_OUT,0.9999960254613475,unsupervised,5067,2298,80
runB_orth1,82,concat_z,mahalanobis_classcond,FPR95,0.0,unsupervised,5067,2298,80
runB_orth1,82,backbone_raw_lesion,cosine_max,AUROC,0.43893626965245347,unsupervised,5067,2298,1536
runB_orth1,82,backbone_raw_lesion,cosine_max,AUPR_IN,0.6733145338116772,unsupervised,5067,2298,1536
runB_orth1,82,backbone_raw_lesion,cosine_max,AUPR_OUT,0.29244389651193503,unsupervised,5067,2298,1536
runB_orth1,82,backbone_raw_lesion,cosine_max,FPR95,0.9218472468916519,unsupervised,5067,2298,1536
runB_orth1,82,backbone_raw_lesion,mahalanobis_agnostic,AUROC,0.46515800544247554,unsupervised,5067,2298,1536
runB_orth1,82,backbone_raw_lesion,mahalanobis_agnostic,AUPR_IN,0.6608289713354054,unsupervised,5067,2298,1536
runB_orth1,82,backbone_raw_lesion,mahalanobis_agnostic,AUPR_OUT,0.35027109406688783,unsupervised,5067,2298,1536
runB_orth1,82,backbone_raw_lesion,mahalanobis_agnostic,FPR95,0.9546082494572725,unsupervised,5067,2298,1536
runB_orth1,82,backbone_raw_lesion,knn_k50,AUROC,0.47535461714676935,unsupervised,5067,2298,1536
runB_orth1,82,backbone_raw_lesion,knn_k50,AUPR_IN,0.6755998911973176,unsupervised,5067,2298,1536
runB_orth1,82,backbone_raw_lesion,knn_k50,AUPR_OUT,0.35453822015107217,unsupervised,5067,2298,1536
runB_orth1,82,backbone_raw_lesion,knn_k50,FPR95,0.9421748569173081,unsupervised,5067,2298,1536
runB_orth1,82,backbone_raw_lesion,mahalanobis_classcond,AUROC,0.4646197438226804,unsupervised,5067,2298,1536
runB_orth1,82,backbone_raw_lesion,mahalanobis_classcond,AUPR_IN,0.6606696639888949,unsupervised,5067,2298,1536
runB_orth1,82,backbone_raw_lesion,mahalanobis_classcond,AUPR_OUT,0.34968501073271596,unsupervised,5067,2298,1536
runB_orth1,82,backbone_raw_lesion,mahalanobis_classcond,FPR95,0.9546082494572725,unsupervised,5067,2298,1536
runB_orth1,82,backbone_raw_context,cosine_max,AUROC,0.9997939705423392,domain-supervised,5067,2298,1536
runB_orth1,82,backbone_raw_context,cosine_max,AUPR_IN,0.999934452859884,domain-supervised,5067,2298,1536
runB_orth1,82,backbone_raw_context,cosine_max,AUPR_OUT,0.9973539950093016,domain-supervised,5067,2298,1536
runB_orth1,82,backbone_raw_context,cosine_max,FPR95,0.00019735543714229328,domain-supervised,5067,2298,1536
runB_orth1,82,backbone_raw_context,mahalanobis_agnostic,AUROC,0.9999982823721745,domain-supervised,5067,2298,1536
runB_orth1,82,backbone_raw_context,mahalanobis_agnostic,AUPR_IN,0.9999992216616133,domain-supervised,5067,2298,1536
runB_orth1,82,backbone_raw_context,mahalanobis_agnostic,AUPR_OUT,0.9999962146698841,domain-supervised,5067,2298,1536
runB_orth1,82,backbone_raw_context,mahalanobis_agnostic,FPR95,0.0,domain-supervised,5067,2298,1536
runB_orth1,82,backbone_raw_context,knn_k50,AUROC,0.9999854001634838,domain-supervised,5067,2298,1536
runB_orth1,82,backbone_raw_context,knn_k50,AUPR_IN,0.9999935837326881,domain-supervised,5067,2298,1536
runB_orth1,82,backbone_raw_context,knn_k50,AUPR_OUT,0.999966638244884,domain-supervised,5067,2298,1536
runB_orth1,82,backbone_raw_context,knn_k50,FPR95,0.00019735543714229328,domain-supervised,5067,2298,1536
runB_orth1,82,backbone_raw_context,mahalanobis_classcond,AUROC,0.9999982823721745,domain-supervised,5067,2298,1536
runB_orth1,82,backbone_raw_context,mahalanobis_classcond,AUPR_IN,0.9999992216616133,domain-supervised,5067,2298,1536
runB_orth1,82,backbone_raw_context,mahalanobis_classcond,AUPR_OUT,0.9999962146698841,domain-supervised,5067,2298,1536
runB_orth1,82,backbone_raw_context,mahalanobis_classcond,FPR95,0.0,domain-supervised,5067,2298,1536
runB_orth1,82,logits,MSP,AUROC,0.3931088428118048,unsupervised,5067,2298,8
runB_orth1,82,logits,MSP,AUPR_IN,0.6397596967835075,unsupervised,5067,2298,8
runB_orth1,82,logits,MSP,AUPR_OUT,0.25317224576105696,unsupervised,5067,2298,8
runB_orth1,82,logits,MSP,FPR95,0.9484902309058615,unsupervised,5067,2298,8
runB_orth1,82,logits,Energy_T1,AUROC,0.45530985748326647,unsupervised,5067,2298,8
runB_orth1,82,logits,Energy_T1,AUPR_IN,0.6676597883074205,unsupervised,5067,2298,8
runB_orth1,82,logits,Energy_T1,AUPR_OUT,0.2748946315479281,unsupervised,5067,2298,8
runB_orth1,82,logits,Energy_T1,FPR95,0.9686204854943754,unsupervised,5067,2298,8
runB_orth1,82,logits,ODIN_T1_e0,AUROC,0.3931088428118048,unsupervised,5067,2298,8
runB_orth1,82,logits,ODIN_T1_e0,AUPR_IN,0.6397596967835075,unsupervised,5067,2298,8
runB_orth1,82,logits,ODIN_T1_e0,AUPR_OUT,0.25317224576105696,unsupervised,5067,2298,8
runB_orth1,82,logits,ODIN_T1_e0,FPR95,0.9484902309058615,unsupervised,5067,2298,8
runB_orth1,82,logits,ODIN_T10_e0,AUROC,0.39401081212363553,unsupervised,5067,2298,8
runB_orth1,82,logits,ODIN_T10_e0,AUPR_IN,0.6417658459044875,unsupervised,5067,2298,8
runB_orth1,82,logits,ODIN_T10_e0,AUPR_OUT,0.24943797389803465,unsupervised,5067,2298,8
runB_orth1,82,logits,ODIN_T10_e0,FPR95,0.9534241168344187,unsupervised,5067,2298,8
runB_orth1,82,logits,ODIN_T100_e0,AUROC,0.394731099352231,unsupervised,5067,2298,8
runB_orth1,82,logits,ODIN_T100_e0,AUPR_IN,0.6421846262412073,unsupervised,5067,2298,8
runB_orth1,82,logits,ODIN_T100_e0,AUPR_OUT,0.24932596633141585,unsupervised,5067,2298,8
runB_orth1,82,logits,ODIN_T100_e0,FPR95,0.9563844483915532,unsupervised,5067,2298,8
runB_orth1,82,logits,ODIN_T1_e0014,AUROC,0.515815144084069,unsupervised,5067,2298,8
runB_orth1,82,logits,ODIN_T1_e0014,AUPR_IN,0.7110260074169197,unsupervised,5067,2298,8
runB_orth1,82,logits,ODIN_T1_e0014,AUPR_OUT,0.3037059853598182,unsupervised,5067,2298,8
runB_orth1,82,logits,ODIN_T1_e0014,FPR95,0.939411880797316,unsupervised,5067,2298,8
runB_orth1,82,logits,ODIN_T10_e0014,AUROC,0.5368945598089174,unsupervised,5067,2298,8
runB_orth1,82,logits,ODIN_T10_e0014,AUPR_IN,0.7137949275622273,unsupervised,5067,2298,8
runB_orth1,82,logits,ODIN_T10_e0014,AUPR_OUT,0.31631074175343965,unsupervised,5067,2298,8
runB_orth1,82,logits,ODIN_T10_e0014,FPR95,0.9439510558515887,unsupervised,5067,2298,8
runB_orth1,82,logits,ODIN_T100_e0014,AUROC,0.539098190427557,unsupervised,5067,2298,8
runB_orth1,82,logits,ODIN_T100_e0014,AUPR_IN,0.713526352265732,unsupervised,5067,2298,8
runB_orth1,82,logits,ODIN_T100_e0014,AUPR_OUT,0.3184297585845785,unsupervised,5067,2298,8
runB_orth1,82,logits,ODIN_T100_e0014,FPR95,0.9455298993487271,unsupervised,5067,2298,8
runB_orth1,82,logits,cosine_max,AUROC,0.3859605910906988,unsupervised,5067,2298,8
runB_orth1,82,logits,cosine_max,AUPR_IN,0.6162240068025827,unsupervised,5067,2298,8
runB_orth1,82,logits,cosine_max,AUPR_OUT,0.2634470778901787,unsupervised,5067,2298,8
runB_orth1,82,logits,cosine_max,FPR95,0.9717781724886521,unsupervised,5067,2298,8
runB_orth1,82,logits,mahalanobis_classcond,AUROC,0.40580872530888523,unsupervised,5067,2298,8
runB_orth1,82,logits,mahalanobis_classcond,AUPR_IN,0.6313241261269864,unsupervised,5067,2298,8
runB_orth1,82,logits,mahalanobis_classcond,AUPR_OUT,0.2784666591191956,unsupervised,5067,2298,8
runB_orth1,82,logits,mahalanobis_classcond,FPR95,0.9603315571343991,unsupervised,5067,2298,8
runB_orth1,82,logits,mahalanobis_agnostic,AUROC,0.4494374167701967,unsupervised,5067,2298,8
runB_orth1,82,logits,mahalanobis_agnostic,AUPR_IN,0.6673372314196542,unsupervised,5067,2298,8
runB_orth1,82,logits,mahalanobis_agnostic,AUPR_OUT,0.2934104682464978,unsupervised,5067,2298,8
runB_orth1,82,logits,mahalanobis_agnostic,FPR95,0.9372409709887507,unsupervised,5067,2298,8
runB_orth1,82,logits,knn_k50,AUROC,0.3959110667276081,unsupervised,5067,2298,8
runB_orth1,82,logits,knn_k50,AUPR_IN,0.6299771428717323,unsupervised,5067,2298,8
runB_orth1,82,logits,knn_k50,AUPR_OUT,0.26762829215042316,unsupervised,5067,2298,8
runB_orth1,82,logits,knn_k50,FPR95,0.9563844483915532,unsupervised,5067,2298,8
runB_orth1,82,z_context,context_predictor_softmax,AUROC,0.9999989694233047,domain-supervised,5067,2298,2
runB_orth1,82,z_context,context_predictor_softmax,AUPR_IN,0.9999995328326845,domain-supervised,5067,2298,2
runB_orth1,82,z_context,context_predictor_softmax,AUPR_OUT,0.9999977295100011,domain-supervised,5067,2298,2
runB_orth1,82,z_context,context_predictor_softmax,FPR95,0.0,domain-supervised,5067,2298,2
